Time,Aileron Command (norm),Elevator Command (norm),Rudder Command (norm),Flap Command (norm),Left Aileron Position (deg),Right Aileron Position (deg),Elevator Position (deg),Rudder Position (deg),Flap Position (deg),P (deg/s),Q (deg/s),R (deg/s),P dot (deg/s^2),Q dot (deg/s^2),R dot (deg/s^2),P_{inertial} (deg/s),Q_{inertial} (deg/s),R_{inertial} (deg/s),q bar (psf),Reynolds Number,V_{Total} (ft/s),V_{Inertial} (ft/s),UBody,VBody,WBody,UdotBody,VdotBody,WdotBody,UdotBody_i,VdotBody_i,WdotBody_i,BodyAccel_X,BodyAccel_Y,BodyAccel_Z,Aero V_{X Body} (ft/s),Aero V_{Y Body} (ft/s),Aero V_{Z Body} (ft/s),V_{X_{inertial}} (ft/s),V_{Y_{inertial}} (ft/s),V_{Z_{inertial}} (ft/s),V_{X_{ecef}} (ft/s),V_{Y_{ecef}} (ft/s),V_{Z_{ecef}} (ft/s),V_{North} (ft/s),V_{East} (ft/s),V_{Down} (ft/s),F_{Drag} (lbs),F_{Side} (lbs),F_{Lift} (lbs),L/D,F_{Aero x} (lbs),F_{Aero y} (lbs),F_{Aero z} (lbs),F_{Prop x} (lbs),F_{Prop y} (lbs),F_{Prop z} (lbs),F_{Gear x} (lbs),F_{Gear y} (lbs),F_{Gear z} (lbs),F_{Ext x} (lbs),F_{Ext y} (lbs),F_{Ext z} (lbs),F_{Buoyant x} (lbs),F_{Buoyant y} (lbs),F_{Buoyant z} (lbs),F_{Total x} (lbs),F_{Total y} (lbs),F_{Total z} (lbs),L_{Aero} (ft-lbs),M_{Aero} (ft-lbs),N_{Aero} (ft-lbs),L_{Aero MRC} (ft-lbs),M_{Aero MRC} (ft-lbs),N_{Aero MRC} (ft-lbs),L_{Prop} (ft-lbs),M_{Prop} (ft-lbs),N_{Prop} (ft-lbs),L_{Gear} (ft-lbs),M_{Gear} (ft-lbs),N_{Gear} (ft-lbs),L_{ext} (ft-lbs),M_{ext} (ft-lbs),N_{ext} (ft-lbs),L_{Buoyant} (ft-lbs),M_{Buoyant} (ft-lbs),N_{Buoyant} (ft-lbs),L_{Total} (ft-lbs),M_{Total} (ft-lbs),N_{Total} (ft-lbs),Rho (slugs/ft^3),Absolute Viscosity,Kinematic Viscosity,Temperature (R),P_{SL} (psf),P_{Ambient} (psf),Turbulence Magnitude (ft/sec),Turbulence X Direction (rad),Turbulence Y Direction (rad),Turbulence Z Direction (rad),Wind V_{North} (ft/s),Wind V_{East} (ft/s),Wind V_{Down} (ft/s),I_{xx},I_{xy},I_{xz},I_{yx},I_{yy},I_{yz},I_{zx},I_{zy},I_{zz},Mass,X_{cg},Y_{cg},Z_{cg},Altitude ASL (ft),Altitude AGL (ft),Phi (deg),Theta (deg),Psi (deg),Q(1)_{LOCAL},Q(2)_{LOCAL},Q(3)_{LOCAL},Q(4)_{LOCAL},Q(1)_{ECEF},Q(2)_{ECEF},Q(3)_{ECEF},Q(4)_{ECEF},Q(1)_{ECI},Q(2)_{ECI},Q(3)_{ECI},Q(4)_{ECI},Alpha (deg),Beta (deg),Latitude (deg),Latitude Geodetic (deg),Longitude (deg),X_{ECI} (ft),Y_{ECI} (ft),Z_{ECI} (ft),X_{ECEF} (ft),Y_{ECEF} (ft),Z_{ECEF} (ft),Earth Position Angle (deg),Distance AGL (ft),Terrain Elevation (ft),aero/force/CdBAS,aero/force/CdDS1,aero/force/CdDS2,aero/force/ClBAS,aero/force/CLDS1,aero/force/CLDS2,aero/force/CMBAS,aero/force/DCNDS,calculations/pitch-weights-delta/mass-center-m,aero/function/kCLge,Pitch Trim Sum,Elevator Control,elevator normalization,Roll Trim Sum,Left Aileron Control,Right Aileron Control,left aileron normalization,right aileron normalization,Rudder Command Sum,Yaw Damper Rate,Rudder Sum,Rudder Control,rudder normalization,Flaps Control,flap normalization,Gear Control,Speedbrake Control,cg-x-offset-chord-in,cg-x-chord-percent,aero-cos-alpha,aero-sin-alpha,CL-xzcg,NOSE_LG WOW,NOSE_LG stroke (ft),NOSE_LG stroke velocity (ft/sec),NOSE_LG compress force (lbs),NOSE_LG wheel side force (lbs),NOSE_LG wheel roll force (lbs),NOSE_LG body X force (lbs),NOSE_LG body Y force (lbs),NOSE_LG wheel velocity vec X (ft/sec),NOSE_LG wheel velocity vec Y (ft/sec),NOSE_LG wheel rolling velocity (ft/sec),NOSE_LG wheel side velocity (ft/sec),NOSE_LG wheel slip (deg),LEFT_MLG WOW,LEFT_MLG stroke (ft),LEFT_MLG stroke velocity (ft/sec),LEFT_MLG compress force (lbs),LEFT_MLG wheel side force (lbs),LEFT_MLG wheel roll force (lbs),LEFT_MLG body X force (lbs),LEFT_MLG body Y force (lbs),LEFT_MLG wheel velocity vec X (ft/sec),LEFT_MLG wheel velocity vec Y (ft/sec),LEFT_MLG wheel rolling velocity (ft/sec),LEFT_MLG wheel side velocity (ft/sec),LEFT_MLG wheel slip (deg),RIGHT_MLG WOW,RIGHT_MLG stroke (ft),RIGHT_MLG stroke velocity (ft/sec),RIGHT_MLG compress force (lbs),RIGHT_MLG wheel side force (lbs),RIGHT_MLG wheel roll force (lbs),RIGHT_MLG body X force (lbs),RIGHT_MLG body Y force (lbs),RIGHT_MLG wheel velocity vec X (ft/sec),RIGHT_MLG wheel velocity vec Y (ft/sec),RIGHT_MLG wheel rolling velocity (ft/sec),RIGHT_MLG wheel side velocity (ft/sec),RIGHT_MLG wheel slip (deg), Total Gear Force_X (lbs), Total Gear Force_Y (lbs), Total Gear Force_Z (lbs), Total Gear Moment_L (ft-lbs), Total Gear Moment_M (ft-lbs), Total Gear Moment_N (ft-lbs),F100-PW-229_N1[0],F100-PW-229_N2[0],Direct Thrust (engine 0 in lbs),F100-PW-229_N1[1],F100-PW-229_N2[1],Direct Thrust (engine 1 in lbs),Fuel Tank 0,Fuel Tank 1,Fuel Tank 2,Fuel Tank 3,Fuel Tank 4,Fuel Tank 5,Fuel Tank 6,Fuel Tank 7,Fuel Tank 8,Fuel Tank 9,Fuel Tank 10,Fuel Tank 11,/fdm/jsbsim/aero/alpha-rad,/fdm/jsbsim/velocities/vc-kts,/fdm/jsbsim/propulsion/engine/thrust-lbs,/fdm/jsbsim/propulsion/engine/fuel-flow-rate-gph,/fdm/jsbsim/propulsion/engine/fuel-used-lbs,/fdm/jsbsim/propulsion/engine/n1,/fdm/jsbsim/propulsion/engine[1]/thrust-lbs,/fdm/jsbsim/propulsion/engine[1]/fuel-flow-rate-gph,/fdm/jsbsim/propulsion/engine[1]/fuel-used-lbs,/fdm/jsbsim/propulsion/engine[1]/n1
0,-1.525902189e-005,1.525902189e-005,-0,0,-0.0003059971439,-0.0003059971439,0.0003059971439,0,0,0,0,0,0.01656032487429857,-188.5532081907771,-0.0001434773422870411,0.001571287615418324,0.002932236230631912,-0.002527716236427449,461.4894813,30882093.2,900.87576036,591.895537208,900.875760359925,1.13686837721616e-013,5.684341886080802e-014,-5.311409861922149,-0.01252570490840917,16.11381861108159,9.896532380496769,7.125993746448071,-11.75509103998049,-5.025299151153253,-9.316558423543216e-016,-16.05678207445224,900.8757603599252,1.609618966345034e-013,5.798059646190774e-014,485.2277638658717,-10.40918931945555,338.800815993436,-538.2427422382912,638.0328307493739,338.8008159934361,421.5350847115862,-796.1412339867979,-6.666596376532471,6570.687234863143,0,20233.54481846757,3.079365079,-6570.687234863142,-1.174002371973178e-012,-20233.54481846757,238.1845497300052,0,0,0,0,0,0,0,0,0,0,0,-6332.502685133137,-1.174002371973178e-012,-20233.54481846757,0,-743105.1152229641,4.420118753674257e-011,0,18687.81672062157,0,0,0,0,0,0,0,0,0,0,0,0,0,0,-743105.1152229641,4.420118753674257e-011,0.001137265852,3.256748455e-007,0.0002863665034,436.210115,2116.22,851.5628744,0,0,0,0,-1.13686837721616e-013,1.13686837721616e-013,0, 59091.64174, 5.189876387, 8.646015575, 5.189876387, 225807.8096,-0.216302285, 8.646015575,-0.216302285, 285348.7307,1260.124521,446.9045092183015,-0.1224732748911724,-18.62596703979774,23122.878421829,23123.30742408,1.888506051918206e-015,0.4240000000000005,297.9,0.8567116543296287,0.001908454023317725,0.003169931557184963,-0.5157823675475485,0.01435162106727813,0.4483982299091042,0.7755235650085292,0.4441804346249225,-0.01435162106727814,-0.4483982299091042,-0.7755235650085292,-0.4441804346249225,3.687571158082e-015,1.0237191125992e-014,37.427857419843,37.613555318148,-122.35719286244,-8892372.378505131,-14035303.97016727,12716065.89828315,-8892372.378505131,-14035303.97016727,12716065.89828315,0,23123.30742408,-0.42899944260716,6570.69,-0,-0,20233.5,0,0,18687.8,0,0,1,1.52590219e-005,5.34065766e-006,1.52590219e-005,-1.52590219e-005,-5.34065766e-006,-5.34065766e-006,-1.52590219e-005,-1.52590219e-005,0,0,0,0,0,0,0,1,0,-451.8,-4.518,1,6.43602581e-017,-91415.1555,0,0,0,0,0,0,0,0,0,0,0,0,0,0,0,0,0,0,0,0,0,0,0,0,0,0,0,0,0,0,0,0,0,0,0,0,0,0,0,0,0,0,0,0,0,0,0,119.092,0,0,119.092,0,0,0,144.282,0,272.979,0,0,0,0,11.0231,11.0231,6.4360258110111498e-017,388.90569031822741,119.09227486500258,0,0,0,119.09227486500258,0,0,0
0.03333333333,-1.525902189e-005,1.525902189e-005,-0,0,-0.0003059971439,-0.0003059971439,0.0003059971439,0.0002878905594,0,-0.007980979042466091,0.1609960478019662,0.0004523994505525466,-0.8536062136793459,4.314905355799263,0.04062831608501964,-0.006409691427045446,0.1639282840326024,-0.002075316785878635,534.9318838,33248635.46,969.918545237,591.933334755,900.7027194185857,-0.0004170422731704093,0.8055784405241013,-6.156849616148787,-0.2665755032695697,6.448417293078165,5.101971518499076,-1.766875738114468,-4.866713659517458,-5.868346945980381,-0.2468545997688617,-28.25305910970781,969.0717034971078,40.50058646773664,1.311629689380801,485.6681645182756,-9.987324865734788,338.2480748051826,-537.8008149954028,638.4548229964451,338.2480748061817,421.4557602260737,-795.9941758376255,-5.861052130058639,7446.041019118792,0,35575.68076792178,4.777798118,-7391.388521223551,-310.9220146556922,-35585.71753089443,0,0,0,0,0,0,0,0,0,0,0,0,-7391.388521223551,-310.9220146556922,-35585.71753089443,-845.7935130253645,18364.2884546088,202.2802764722339,0,21409.10442931384,0,0,0,0,0,0,0,0,0,0,0,0,0,-845.7935130253645,18364.2884546088,202.2802764722339,0.001137255257,3.256742596e-007,0.000286368656,436.2091497,2116.22,851.5530567,0,0,0,0,-67.78611699301221,41.47225217063232,3.805751594230085e-036, 59116.73239, 456.9759775,  763.132979, 456.9759775, 243942.1338,-19.04572301,  763.132979,-19.04572301, 303445.2549,1259.535026,447.1136721748745,-0.1169610230492981,-18.63468447776203,23123.145309612,23123.571672898,-4.882677781811727e-011,0.4240822308867843,297.899944381355,0.8567114017127812,0.001908825687175637,0.003170545407090329,-0.5157827819953677,0.01435162106729314,0.448398229909573,0.7755235650088638,0.444180434625387,-0.01435108123147647,-0.4483972873746006,-0.7755241099704389,-0.4441804520672011,0.07754926629668,2.3931778215626,37.427895876918,37.613593839628,-122.35728432237,-8892356.193213163,-14035304.32890044,12716077.18497141,-8892390.308871303,-14035282.71416431,12716077.18497141,0.00013926913774135,23123.571672898,-0.42636035755277,7446.04,-0,-0,35575.7,0,0,21409.1,0,11.3514,1,1.52590219e-005,5.34065766e-006,1.52590219e-005,-1.52590219e-005,-5.34065766e-006,-5.34065766e-006,-1.52590219e-005,-1.52590219e-005,0,1.57917199e-005,1.57917199e-005,5.02463815e-006,1.4356109e-005,0,0,1,0,-4.89549078,-0.0489549078,0.999999084,0.00135348962,-1742.09595,0,0,0,0,0,0,0,0,0,0,0,0,0,0,0,0,0,0,0,0,0,0,0,0,0,0,0,0,0,0,0,0,0,0,0,0,0,0,0,0,0,0,0,0,0,0,0,0,0,0,0,0,0,0,137.724,0,260.571,0,0,0,0,11.0231,11.0231,0.0013534900293829422,421.35258875088988,0,0,0,0,0,0,0,0
0.1333333333,-1.525902189e-005,1.525902189e-005,-0,0,-0.0003059971439,-0.0003059971439,0.0003059971439,0.002811955294,0,-0.09259560310562826,0.600260027366662,0.004418786890402806,-0.8536116140196469,4.345839058580678,0.03986105637412767,-0.09102295485787344,0.6031924186857484,0.001892096942056065,534.2255975,33226243.73,969.290425899,592.079304409,900.0745326291432,-0.03344861694336032,1.453967809383386,-6.222022117053371,-0.3355321667862545,12.42625555201366,4.74346336347352,-2.423790132696013,-4.33362488409349,-5.903191876995001,-0.2491874035781447,-29.17369130867777,968.4432419424461,40.46750700293746,1.999438069242035,486.0882040379611,-10.32532726725407,337.8898462837455,-537.3761977896841,638.1171939825946,337.8898462837454,421.1337378442095,-795.4559959255324,-5.693226172815853,7517.679498833489,0,36729.85695311122,4.885797134,-7435.276932303387,-313.8602627614916,-36745.28603125318,0,0,0,0,0,0,0,0,0,0,0,0,-7435.276932303387,-313.8602627614916,-36745.28603125318,-845.5377339386839,18497.27055898849,195.0407988014866,0,21301.13850785048,0,0,0,0,0,0,0,0,0,0,0,0,0,-845.5377339386839,18497.27055898849,195.0407988014866,0.001137226164,3.256743567e-007,0.0002863760674,436.2093097,2116.22,851.5315849,0,0,0,0,-67.78611699301221,41.47225217063232,3.805751594230085e-036, 59116.77302, 457.4112384, 763.8400603, 457.4112384, 243959.1288, -19.0638637, 763.8400603, -19.0638637, 303462.2315,1259.535026,447.1136721748745,-0.1169610230492981,-18.63468447776203,23123.852229494,23124.26833023,-0.003626058042322414,0.4549688208418199,297.8999556528364,0.8567106311203475,0.002020738315024473,0.003417781411425065,-0.5157820566016828,0.01415775754107481,0.4482802033154826,0.7755126133506012,0.4443248853608794,-0.01415559749546659,-0.4482764332254118,-0.7755147926153004,-0.4443249541822931,0.11829211566911,2.3927724816235,37.428011242411,37.613709398862,-122.35755871302,-8892307.600848915,-14035305.34146624,12716110.98637075,-8892444.063176084,-14035218.88249666,12716110.98637075,0.00055707655096539,23124.26833023,-0.41609778627753,7517.68,-0,-0,36729.9,0,0,21301.1,0,11.3567,1,1.52590219e-005,5.34065766e-006,1.52590219e-005,-1.52590219e-005,-5.34065766e-006,-5.34065766e-006,-1.52590219e-005,-1.52590219e-005,0,0.00015424476,0.00015424476,4.90778783e-005,0.000140222509,0,0,1,0,-4.68632783,-0.0468632783,0.999997869,0.00206458543,-1722.0052,0,0,0,0,0,0,0,0,0,0,0,0,0,0,0,0,0,0,0,0,0,0,0,0,0,0,0,0,0,0,0,0,0,0,0,0,0,0,0,0,0,0,0,0,0,0,0,0,0,0,0,0,0,0,137.724,0,260.571,0,0,0,0,11.0231,11.0231,0.0020645868975758667,421.04611593801991,0,0,0,0,0,0,0,0
0.2333333333,-1.525902189e-005,1.525902189e-005,-0,0,-0.0003059971439,-0.0003059971439,0.0003059971439,0.005385656372,0,-0.1789538942164975,1.027389125894897,0.00846317429877083,-0.8859800604013751,4.102668448823813,0.04200384865699348,-0.1773779358246957,1.030322035412713,0.005939149662973011,533.5221592,33203934.38,968.664232807,592.228109579,899.4456522484845,-0.0698406412432746,2.831350943802363,-6.37838528702776,-0.4176983355366179,17.10936218234581,3.963130760301743,-3.86848346182823,-3.173332747059799,-5.982060861014349,-0.2545752700963297,-31.18853649419675,967.8138758769377,40.43050157287124,3.47449596966621,486.5272232389044,-10.63292798930667,337.5090156809217,-536.9326069694116,637.8099581236646,337.5090156809217,420.8155470029588,-794.9180540451421,-5.483204197286331,7682.288226872255,0,39255.75152981521,5.109903504,-7534.615180114464,-320.6464693547598,-39283.05411370924,0,0,0,0,0,0,0,0,0,0,0,0,-7534.615180114464,-320.6464693547598,-39283.05411370924,-880.8109633487861,17461.66202849885,198.6592229798322,0,21102.33630005493,0,0,0,0,0,0,0,0,0,0,0,0,0,-880.8109633487861,17461.66202849885,198.6592229798322,0.001137197587,3.256744521e-007,0.0002863833477,436.2094669,2116.22,851.5104938,0,0,0,0,-67.78611699301221,41.47225217063232,3.805751594230085e-036, 59116.77302, 457.4112384, 763.8400603, 457.4112384, 243959.1288, -19.0638637, 763.8400603, -19.0638637, 303462.2315,1259.535026,447.1136721748745,-0.1169610230492981,-18.63468447776203,23124.54577092,23124.949636335,-0.01573687954248025,0.5296483043642846,297.9003518039957,0.8567102704811233,0.002266317162024184,0.004030619151377171,-0.5157772100121701,0.01369918528478737,0.4479938917986637,0.7754724126707212,0.4446980350982798,-0.01369540203021076,-0.4479872944761035,-0.7754762239361327,-0.4446981516275605,0.2056935788126,2.392129435472,37.428126524012,37.613824874124,-122.35783292646,-8892258.969410647,-14035306.38814078,12716144.75532187,-8892497.777949344,-14035155.08490075,12716144.75532187,0.00097488396418943,23124.949636335,-0.40386252850294,7682.29,-0,-0,39255.8,0,0,21102.3,0,11.3567,1,1.52590219e-005,5.34065766e-006,1.52590219e-005,-1.52590219e-005,-5.34065766e-006,-5.34065766e-006,-1.52590219e-005,-1.52590219e-005,0,0.000295420513,0.000295420513,9.39974361e-005,0.000268564103,0,0,1,0,-4.68632783,-0.0468632783,0.999993556,0.00359002249,-1840.93382,0,0,0,0,0,0,0,0,0,0,0,0,0,0,0,0,0,0,0,0,0,0,0,0,0,0,0,0,0,0,0,0,0,0,0,0,0,0,0,0,0,0,0,0,0,0,0,0,0,0,0,0,0,0,137.724,0,260.571,0,0,0,0,11.0231,11.0231,0.0035900302004902669,420.73934935329316,0,0,0,0,0,0,0,0
0.3333333333,-1.525902189e-005,1.525902189e-005,-0,0,-0.0003059971439,-0.0003059971439,0.0003059971439,0.008115408335,0,-0.2689267388901138,1.427403170186482,0.01275278452629562,-0.9289935314994218,3.778848756061193,0.04514619290296523,-0.2673456108167147,1.430336970829673,0.0102330323051404,532.8027634,33181114.58,968.022947867,592.382968699,898.7976563696061,-0.1151531393433061,4.628517030858092,-6.605298385126071,-0.5167165722326954,20.69938797097246,2.932744304518156,-5.791419037052332,-1.64287533779941,-6.078985912938818,-0.2617509114408528,-33.86073543858608,967.1649955135954,40.38394739472922,5.42548089245255,486.8749237291868,-11.11032881531315,337.2639186783085,-536.5803463270823,637.3329150600229,337.2639186783085,420.4882638896302,-794.3663770978068,-5.508392981287602,7902.697110917204,0,42605.16035470291,5.391217676,-7656.695677877848,-329.6844409598052,-42648.78227971584,0,0,0,0,0,0,0,0,0,0,0,0,-7656.695677877848,-329.6844409598052,-42648.78227971584,-927.6508580402704,16082.62847786861,203.3786859350696,0,20848.13387105282,0,0,0,0,0,0,0,0,0,0,0,0,0,-927.6508580402704,16082.62847786861,203.3786859350696,0.001137169384,3.256745979e-007,0.0002863905786,436.2097071,2116.22,851.4898449,0,0,0,0,-67.78611699301221,41.47225217063232,3.805751594230085e-036, 59116.77302, 457.4112384, 763.8400603, 457.4112384, 243959.1288, -19.0638637, 763.8400603, -19.0638637, 303462.2315,1259.535026,447.1136721748745,-0.1169610230492981,-18.63468447776203,23125.229372742,23125.620632678,-0.03659108192341976,0.6461985774538341,297.9011194935894,0.8567098209825542,0.002634967340262384,0.004995852207616849,-0.5157677588216185,0.01298985505156807,0.4475464986997817,0.7754010777991751,0.4452937948312136,-0.01298444316134103,-0.4475370748103448,-0.7754065170094691,-0.445293952670855,0.32140730665303,2.3909571953458,37.42824171731,37.613940261056,-122.35810695258,-8892210.298407961,-14035307.47363126,12716178.4926388,-8892551.452701548,-14035091.32608469,12716178.4926388,0.0013926913774135,23125.620632678,-0.39125705510378,7902.7,-0,-0,42605.2,0,0,20848.1,0,11.3567,1,1.52590219e-005,5.34065766e-006,1.52590219e-005,-1.52590219e-005,-5.34065766e-006,-5.34065766e-006,-1.52590219e-005,-1.52590219e-005,0,0.000445156158,0.000445156158,0.000141640596,0.000404687416,0,0,1,0,-4.68632783,-0.0468632783,0.999984266,0.00560958632,-1998.66356,0,0,0,0,0,0,0,0,0,0,0,0,0,0,0,0,0,0,0,0,0,0,0,0,0,0,0,0,0,0,0,0,0,0,0,0,0,0,0,0,0,0,0,0,0,0,0,0,0,0,0,0,0,0,137.724,0,260.571,0,0,0,0,11.0231,11.0231,0.005609615741062399,420.42333133661322,0,0,0,0,0,0,0,0
0.4333333333,-1.525902189e-005,1.525902189e-005,-0,0,-0.0003059971439,-0.0003059971439,0.0003059971439,0.01105977067,0,-0.3633971133667017,1.792826172538479,0.0173796396263018,-0.9786652089427412,3.390380311291253,0.04910317248290309,-0.3618090946664366,1.795761251806041,0.01486571644624423,531.9332947,33152426,967.042715573,592.545161772,898.1241609545824,-0.1711339803760268,6.74190003656048,-6.889480649781587,-0.6349494491688278,23.25669223697945,1.722171893156954,-8.067822841475444,0.1523046910153099,-6.180252915735282,-0.269659746970753,-37.01287214805117,966.1745801847276,40.22897976060553,7.741029336474679,487.1101901970125,-11.79841421499482,337.1857481674252,-536.3405375796981,636.6451837364425,337.1857481674251,420.1487993225321,-793.7969240880425,-5.824150539920191,8164.564248632975,0,46555.1469606534,5.702098182,-7784.24501484423,-339.6458963219477,-46619.00887097532,0,0,0,0,0,0,0,0,0,0,0,0,-7784.24501484423,-339.6458963219477,-46619.00887097532,-981.8167176623088,14428.34062581965,208.5120979283333,0,20546.25777298707,0,0,0,0,0,0,0,0,0,0,0,0,0,-981.8167176623088,14428.34062581965,208.5120979283333,0.001137616427,3.257543639e-007,0.0002863481541,436.3411324,2116.22,852.0812268,0,0,0,0,-67.55278365967888,41.23891883729898,7.357878341121837e-036, 59116.77302, 457.4112384, 763.8400603, 457.4112384, 243959.1288, -19.0638637, 763.8400603, -19.0638637, 303462.2315,1259.535026,447.1136721748745,-0.1169610230492981,-18.63468447776203,23125.929541756,23126.303023374,-0.06658110762404215,0.8016469309289921,297.9022404937803,0.8567085912703939,0.003110358575281192,0.006293020018822813,-0.515752957540791,0.01205129796647791,0.4469492287372119,0.7752957576083073,0.4461027251464569,-0.01204424972816463,-0.4469369793321431,-0.7753028191227523,-0.4461029154962538,0.45904625218834,2.3841925955096,37.42835681938,37.614055556313,-122.35838078591,-8892161.598115908,-14035308.61711787,12716212.21358556,-8892605.097709209,-14035027.6252292,12716212.21358556,0.0018104987906375,23126.303023374,-0.37347893416882,8164.56,-0,-0,46555.1,0,0,20546.3,0,11.3567,1,1.52590219e-005,5.34065766e-006,1.52590219e-005,-1.52590219e-005,-5.34065766e-006,-5.34065766e-006,-1.52590219e-005,-1.52590219e-005,0,0.000606663869,0.000606663869,0.000193029413,0.000551512608,0,0,1,0,-4.68632783,-0.0468632783,0.999967905,0.00801178281,-2184.72224,0,0,0,0,0,0,0,0,0,0,0,0,0,0,0,0,0,0,0,0,0,0,0,0,0,0,0,0,0,0,0,0,0,0,0,0,0,0,0,0,0,0,0,0,0,0,0,0,0,0,0,0,0,0,137.724,0,260.571,0,0,0,0,11.0231,11.0231,0.008011868519626722,420.01127004695525,0,0,0,0,0,0,0,0
0.5333333333,-1.525902189e-005,1.525902189e-005,-0,0,-0.0003059971439,-0.0003059971439,0.0003059971439,0.0142729151,0,-0.4631375809588134,2.11747836942746,0.02242886659078621,-1.03534764972563,2.949211954033698,0.05385641138895871,-0.4615411217135775,2.120415131776178,0.01992226565726095,531.1656938,33128026.02,966.357848183,592.715975551,897.4200433066831,-0.2398919241770159,9.067988177210054,-7.216711275779698,-0.7760757508320119,24.7826175469881,0.3687203941650772,-10.63014130097916,2.15183503140187,-6.276297923295839,-0.2790524146819172,-40.54711896543064,965.4679394152165,40.15737929798688,10.32151123080152,487.2161271630612,-12.73041026026851,337.2989916386141,-536.2300837694799,635.7135420819953,337.298991638614,419.7940432460801,-793.2061887893975,-6.474828769387679,8458.018862492278,0,50983.0909976931,6.027781662,-7905.217065907126,-351.476290288603,-51070.51652681405,0,0,0,0,0,0,0,0,0,0,0,0,-7905.217065907126,-351.476290288603,-51070.51652681405,-1043.57576088819,12549.68754823578,214.3112743031013,0,20218.18364914099,0,0,0,0,0,0,0,0,0,0,0,0,0,-1043.57576088819,12549.68754823578,214.3112743031013,0.001137585525,3.25754573e-007,0.0002863561165,436.341477,2116.22,852.0587539,0,0,0,0,-67.55278365967888,41.23891883729898,7.357878341121837e-036, 59116.77302, 457.4112384, 763.8400603, 457.4112384, 243959.1288, -19.0638637, 763.8400603, -19.0638637, 303462.2315,1259.535026,447.1136721748745,-0.1169610230492981,-18.63468447776203,23126.677632149,23127.026558352,-0.1061787879964097,0.9923212590279749,297.90369075809,0.8567057786431882,0.003672414878939266,0.007896786109627109,-0.5157318712058276,0.01091004523461799,0.4462159723998083,0.7751529915261125,0.4471130915287436,-0.01090135083233865,-0.4462008989694266,-0.775161668334718,-0.4471133035970215,0.61250765501172,2.3816343739421,37.428471826461,37.614170755995,-122.3586544197,-8892112.880654907,-14035309.84138851,12716245.93613125,-8892658.725094896,-14034964.00512233,12716245.93613125,0.0022283062038615,23127.026558352,-0.34892374649644,8458.02,-0,-0,50983.1,0,0,20218.2,0,11.3567,1,1.52590219e-005,5.34065766e-006,1.52590219e-005,-1.52590219e-005,-5.34065766e-006,-5.34065766e-006,-1.52590219e-005,-1.52590219e-005,0,0.000782915139,0.000782915139,0.000249109362,0.000711741035,0,0,1,0,-4.68632783,-0.0468632783,0.99994286,0.0106900717,-2393.33549,0,0,0,0,0,0,0,0,0,0,0,0,0,0,0,0,0,0,0,0,0,0,0,0,0,0,0,0,0,0,0,0,0,0,0,0,0,0,0,0,0,0,0,0,0,0,0,0,0,0,0,0,0,0,137.724,0,260.571,0,0,0,0,11.0231,11.0231,0.010690275273623982,419.6672112754465,0,0,0,0,0,0,0,0
0.6333333333,-1.525902189e-005,1.525902189e-005,-0,0,-0.0003059971439,-0.0003059971439,0.0003059971439,0.01779978362,0,-0.5686729656177991,2.396698066443368,0.02797108854180585,-1.095238399694692,2.471947785143334,0.05918780104049543,-0.5670667127875462,2.399636935355439,0.02547322849419351,530.367539,33102604.12,965.646096046,592.8968821,896.6818998624501,-0.3237336445687618,11.51047420474657,-7.568597239796852,-0.9413671063671891,25.37292289030399,-1.060948996495162,-13.36150596453422,4.254845491515933,-6.357434745056145,-0.288912112243647,-44.29533412049752,964.7259623748977,40.06963572232075,13.0623360004199,487.1822070869068,-13.92832247698875,337.6184410460403,-536.2595206541901,634.5159888719933,337.6184410460402,419.4210178917735,-792.591291384185,-7.488653644161248,8769.575941552559,0,55678.00139496084,6.348995865,-8007.411734785468,-363.8949247100773,-55791.52479835363,0,0,0,0,0,0,0,0,0,0,0,0,-8007.411734785468,-363.8949247100773,-55791.52479835363,-1108.875032555579,10517.4165807376,220.1571561577336,0,19870.89819888557,0,0,0,0,0,0,0,0,0,0,0,0,0,-1108.875032555579,10517.4165807376,220.1571561577336,0.0011375512,3.257548018e-007,0.0002863649581,436.3418539,2116.22,852.0337807,0,0,0,0,-67.55278365967888,41.23891883729898,7.357878341121837e-036, 59116.77302, 457.4112384, 763.8400603, 457.4112384, 243959.1288, -19.0638637, 763.8400603, -19.0638637, 303462.2315,1259.535026,447.1136721748745,-0.1169610230492981,-18.63468447776203,23127.508668727,23127.835881814,-0.1559293926179979,1.213977089481561,297.9054432588753,0.8567005835808348,0.004297933007527488,0.009777858618693389,-0.5157034335206162,0.009596742542404427,0.4453628815608031,0.774968848123141,0.4483113769458955,-0.009586390269144509,-0.4453449860958523,-0.774979132101462,-0.4483115984314454,0.77573427258399,2.3781801390847,37.428586733958,37.614285855332,-122.3589278461,-8892064.159534575,-14035311.17202264,12716279.68023348,-8892712.348371182,-14034900.49134334,12716279.68023348,0.0026461136170856,23127.835881814,-0.32721066847444,8769.58,-0,-0,55678,0,0,19870.9,0,11.3567,1,1.52590219e-005,5.34065766e-006,1.52590219e-005,-1.52590219e-005,-5.34065766e-006,-5.34065766e-006,-1.52590219e-005,-1.52590219e-005,0,0.000976375181,0.000976375181,0.00031066483,0.000887613801,0,0,1,0,-4.68632783,-0.0468632783,0.999908348,0.0135387035,-2614.57854,0,0,0,0,0,0,0,0,0,0,0,0,0,0,0,0,0,0,0,0,0,0,0,0,0,0,0,0,0,0,0,0,0,0,0,0,0,0,0,0,0,0,0,0,0,0,0,0,0,0,0,0,0,0,137.724,0,260.571,0,0,0,0,11.0231,11.0231,0.013539117177153724,419.30570284010861,0,0,0,0,0,0,0,0
0.7333333333,-1.525902189e-005,1.525902189e-005,-0,0,-0.0003059971439,-0.0003059971439,0.0003059971439,0.0216736437,0,-0.6802486486579082,2.627378219695572,0.03405858295793338,-1.15612656985506,1.973658326440842,0.06492275837431492,-0.6786314639216867,2.630319638331024,0.03157079812108635,529.5357549,33076040.9,964.905233862,593.089649644,895.9080729864786,-0.425111618061635,13.98074308270074,-7.927838859484296,-1.131930008312033,25.11143950347654,-2.515177540352868,-16.17105355318613,6.38169621486044,-6.417912075937728,-0.2988388545898497,-48.12599842075458,963.9466860516989,39.9630766762685,15.86976015612452,487.0034477014553,-15.40441589574167,338.1503784015831,-536.4338389635021,633.0402634439009,338.1503784015831,419.0267919793939,-791.9498810552697,-8.879788250841415,9088.099181886704,0,60475.10297506008,6.65431811,-8083.585051289625,-376.3980043858833,-60616.38065609651,0,0,0,0,0,0,0,0,0,0,0,0,-8083.585051289625,-376.3980043858833,-60616.38065609651,-1175.31761506004,8395.735199816105,225.7823925337138,0,19515.16595896615,0,0,0,0,0,0,0,0,0,0,0,0,0,-1175.31761506004,8395.735199816105,225.7823925337138,0.001137511932,3.257550426e-007,0.0002863750554,436.3422507,2116.22,852.0051436,0,0,0,0,-67.55278365967888,41.23891883729898,7.357878341121837e-036, 59116.77302, 457.4112384, 763.8400603, 457.4112384, 243959.1288, -19.0638637, 763.8400603, -19.0638637, 303462.2315,1259.535026,447.1136721748745,-0.1169610230492981,-18.63468447776203,23128.459782706,23128.761713138,-0.2164196108057059,1.461957574858431,297.9074701769663,0.8566923150997124,0.004961544363238201,0.01190404045943279,-0.5156665144716756,0.008144944279012484,0.444407810184571,0.7747391727610726,0.449682746299138,-0.008132920769004201,-0.4443870952395281,-0.7747510549512866,-0.4496829639159218,0.94319338979783,2.37367428382,37.428701536464,37.614400848353,-122.35920105636,-8892015.449035101,-14035312.63630481,12716313.46689649,-8892765.981822042,-14034837.11117607,12716313.46689649,0.0030639210303096,23128.761713138,-0.30192814394832,9088.1,-0,-0,60475.1,0,0,19515.2,0,11.3567,1,1.52590219e-005,5.34065766e-006,1.52590219e-005,-1.52590219e-005,-5.34065766e-006,-5.34065766e-006,-1.52590219e-005,-1.52590219e-005,0,0.00118886882,0.00118886882,0.000378276443,0.00108078984,0,0,1,0,-4.68632783,-0.0468632783,0.999864507,0.0164610866,-2840.68833,0,0,0,0,0,0,0,0,0,0,0,0,0,0,0,0,0,0,0,0,0,0,0,0,0,0,0,0,0,0,0,0,0,0,0,0,0,0,0,0,0,0,0,0,0,0,0,0,0,0,0,0,0,0,137.724,0,260.571,0,0,0,0,11.0231,11.0231,0.016461830135018406,418.9255613119492,0,0,0,0,0,0,0,0
0.8333333333,-1.525902189e-005,1.525902189e-005,-0,0,-0.0003059971439,-0.0003059971439,0.0003059971439,0.02591636262,0,-0.7978951794119433,2.80791514400683,0.04072571268562063,-1.215261937675791,1.470288416981664,0.07084262806102333,-0.7962661493823301,2.810859574813107,0.03824924507142444,528.6154347,33046950.73,963.997077365,593.296344988,895.0985591310946,-0.5465577818620773,16.39879870838598,-8.278351852089074,-1.347765612930205,24.10776211321487,-3.941600555345449,-18.96614268346849,8.452297876122383,-6.454726702190111,-0.3081581387339283,-51.9057043217587,962.9947445600565,39.79337828939363,18.65406554500322,486.6797987834698,-17.16225620158453,338.893469093489,-536.7530972691379,631.2828043443101,338.8934690934889,418.6084562534807,-791.2800965876882,-10.649834754831,9402.618123749398,0,65207.3353989782,6.935019006,-8129.954362511313,-388.135969179486,-65377.0526251284,0,0,0,0,0,0,0,0,0,0,0,0,-8129.954362511313,-388.135969179486,-65377.0526251284,-1239.946473661548,6252.579870422444,230.8183384240412,0,19159.17656064433,0,0,0,0,0,0,0,0,0,0,0,0,0,-1239.946473661548,6252.579870422444,230.8183384240412,0.001137675488,3.257817632e-007,0.0002863573724,436.3862807,2116.22,852.2136335,0,0,0,0,-67.45278365967889,41.13891883729898,8.412505867309121e-036, 59116.77302, 457.4112384, 763.8400603, 457.4112384, 243959.1288, -19.0638637, 763.8400603, -19.0638637, 303462.2315,1259.535026,447.1136721748745,-0.1169610230492981,-18.63468447776203,23129.568875533,23129.838757339,-0.2882534446082735,1.731345681230447,297.9097457397238,0.8566804836179989,0.005636582434075987,0.01424125772834162,-0.5156199807075075,0.006589991224988897,0.4433697769658528,0.7744597921589901,0.4512115282414205,-0.006576281695477215,-0.4433462457200885,-0.7744732630656781,-0.4512117282622045,1.1097314707842,2.365816969697,37.428816227773,37.614515728574,-122.35947404098,-8891966.763681209,-14035314.26229938,12716347.31736164,-8892819.639976831,-14034773.89268377,12716347.31736164,0.0034817284435337,23129.838757339,-0.26987969875336,9402.62,-0,-0,65207.3,0,0,19159.2,0,11.3567,1,1.52590219e-005,5.34065766e-006,1.52590219e-005,-1.52590219e-005,-5.34065766e-006,-5.34065766e-006,-1.52590219e-005,-1.52590219e-005,0,0.00142159555,0.00142159555,0.000452325858,0.00129235959,0,0,1,0,-4.68632783,-0.0468632783,0.999812437,0.019367257,-3063.79028,0,0,0,0,0,0,0,0,0,0,0,0,0,0,0,0,0,0,0,0,0,0,0,0,0,0,0,0,0,0,0,0,0,0,0,0,0,0,0,0,0,0,0,0,0,0,0,0,0,0,0,0,0,0,137.724,0,260.571,0,0,0,0,11.0231,11.0231,0.019368467978184114,418.49273131887384,0,0,0,0,0,0,0,0
0.9333333333,-1.525902189e-005,1.525902189e-005,-0,0,-0.0003059971439,-0.0003059971439,0.0003059971439,0.03053567619,0,-0.9213757944232609,2.938277199675514,0.04798463401801798,-1.272331873369985,0.9738974166402786,0.07681230187563548,-0.9197342333318274,2.941225123034467,0.04552062742157276,527.7107538,33017854.66,963.194597238,593.519224899,894.2548386665766,-0.6905653760531152,18.69593826454673,-8.607706887864485,-1.58889685966381,22.44027846863997,-5.311161391050515,-21.69325526021133,10.41944193157257,-6.468638751194956,-0.3171460818436908,-55.55714299607953,962.1417053963628,39.64086303429991,21.3488375340492,486.2162286120168,-19.19646722653413,339.8387043951865,-537.2123351283216,629.2489916143624,339.8387043951863,418.1632305887878,-790.5806229194413,-12.78760003171996,9706.005568408116,0,69778.20882119067,7.189178734,-8147.477075511699,-399.4565983349271,-69976.16752950764,0,0,0,0,0,0,0,0,0,0,0,0,-8147.477075511699,-399.4565983349271,-69976.16752950764,-1302.352599226875,4139.324090281114,235.4101427277186,0,18814.789869697,0,0,0,0,0,0,0,0,0,0,0,0,0,-1302.352599226875,4139.324090281114,235.4101427277186,0.001137621692,3.257820075e-007,0.0002863711284,436.3866832,2116.22,852.1741218,0,0,0,0,-67.45278365967889,41.13891883729898,8.412505867309121e-036, 59116.77302, 457.4112384, 763.8400603, 457.4112384, 243959.1288, -19.0638637, 763.8400603, -19.0638637, 303462.2315,1259.535026,447.1136721748745,-0.1169610230492981,-18.63468447776203,23130.873348585,23131.114026684,-0.3720289760696761,2.017117270422684,297.912249163389,0.8566648695470331,0.006295947181601394,0.01675459987540027,-0.5155627466332942,0.004967887137847039,0.4422684090119595,0.7741266974860069,0.4528816961711126,-0.004952475629727426,-0.442242065325005,-0.774141747374236,-0.4528818649654403,1.2711200388175,2.35870904277,37.4289308009,37.614630488612,-122.35974678995,-8891918.117743485,-14035316.07796712,12716381.25234111,-8892873.337111579,-14034710.8638257,12716381.25234111,0.0038995358567577,23131.114026684,-0.24067621305585,9706.01,-0,-0,69778.2,0,0,18814.8,0,11.3567,1,1.52590219e-005,5.34065766e-006,1.52590219e-005,-1.52590219e-005,-5.34065766e-006,-5.34065766e-006,-1.52590219e-005,-1.52590219e-005,0,0.00167497971,0.00167497971,0.000532948089,0.00152270883,0,0,1,0,-4.68632783,-0.0468632783,0.999753918,0.02218341,-3279.32116,0,0,0,0,0,0,0,0,0,0,0,0,0,0,0,0,0,0,0,0,0,0,0,0,0,0,0,0,0,0,0,0,0,0,0,0,0,0,0,0,0,0,0,0,0,0,0,0,0,0,0,0,0,0,137.724,0,260.571,0,0,0,0,11.0231,11.0231,0.02218522986544386,418.07498731094154,0,0,0,0,0,0,0,0
1.033333333,-1.525902189e-005,1.525902189e-005,-0,0,-0.0003059971439,-0.0003059971439,0.0003059971439,0.03553075235,0,-1.05042963303393,3.019627019078194,0.05583403941153674,-1.324792173894535,0.4995650387759309,0.08259645396150459,-1.048775078455212,3.022578931228495,0.05338353594134002,526.7519004,32987389.91,962.31540982,593.760606441,893.3794858329441,-0.8596146021086497,20.81069166656292,-8.905407186805316,-1.853580386448303,20.24045451007532,-6.581021553409883,-24.27343480495176,12.21757091633351,-6.461617117226751,-0.3251059658917507,-58.96881209809278,961.2099279325677,39.44736315419728,23.88154018980033,485.6200846920629,-21.49715933381105,340.9731122024712,-537.8042123203328,626.9487183952988,340.9731122024712,417.688278771361,-789.8505505110459,-15.27544324908252,9989.290664793742,0,74048.22652120637,7.412761227,-8138.633081591336,-409.4823510937001,-74273.28425947647,0,0,0,0,0,0,0,0,0,0,0,0,-8138.633081591336,-409.4823510937001,-74273.28425947647,-1359.804422613069,2120.219879208542,239.2392727032616,0,18487.56081892395,0,0,0,0,0,0,0,0,0,0,0,0,0,-1359.804422613069,2120.219879208542,239.2392727032616,0.001137630498,3.25787755e-007,0.0002863739639,436.3961542,2116.22,852.1992133,0,0,0,0,-67.41945032634555,41.10558550396565,8.723056441771118e-036, 59116.77302, 457.4112384, 763.8400603, 457.4112384, 243959.1288, -19.0638637, 763.8400603, -19.0638637, 303462.2315,1259.535026,447.1136721748745,-0.1169610230492981,-18.63468447776203,23132.409170619,23132.617088325,-0.468319668296235,2.314285604871314,297.9149676138493,0.856645562722278,0.006912896058674784,0.01940931724074574,-0.5154938119323661,0.003314252362141657,0.4411234006988607,0.7737361848291349,0.4546773332520627,-0.003297121969549986,-0.4410942491573819,-0.7737528040132444,-0.4546774577968927,1.4232375030602,2.3493345927446,37.429045248087,37.614745120538,-122.36001929285,-8891869.524880592,-14035318.11051351,12716415.29145288,-8892927.086891152,-14034648.05180544,12716415.29145288,0.0043173432699817,23132.617088325,-0.20791593939066,9989.29,-0,-0,74048.2,0,0,18487.6,0,11.3567,1,1.52590219e-005,5.34065766e-006,1.52590219e-005,-1.52590219e-005,-5.34065766e-006,-5.34065766e-006,-1.52590219e-005,-1.52590219e-005,0,0.00194897564,0.00194897564,0.000620128614,0.00177179604,0,0,1,0,-4.68632783,-0.0468632783,0.999691499,0.024837626,-3480.69936,0,0,0,0,0,0,0,0,0,0,0,0,0,0,0,0,0,0,0,0,0,0,0,0,0,0,0,0,0,0,0,0,0,0,0,0,0,0,0,0,0,0,0,0,0,0,0,0,0,0,0,0,0,0,137.724,0,260.571,0,0,0,0,11.0231,11.0231,0.024840180466262584,417.62927316602492,0,0,0,0,0,0,0,0
1.133333333,-1.525902189e-005,1.525902189e-005,-0,0,-0.0003059971439,-0.0003059971439,0.0003059971439,0.04088578394,0,-1.184547104301481,3.054583482021997,0.06424908904702875,-1.371639726979974,0.05873663100872922,0.08801935659349582,-1.182879306818723,3.057539892663981,0.06181302847164039,525.7548257,32955265.22,961.405833063,594.022595089,892.4759683069077,-1.055961584250952,22.69547198807939,-9.165192722709206,-2.139749893885679,17.6204632819323,-7.726012244394431,-26.65639504631176,13.80651316138433,-6.437794849461923,-0.3319050860672956,-62.07136265847514,960.2479722092905,39.22415749749758,26.20063326532541,484.902964521147,-24.04651048077734,342.2772616010274,-538.5171375852189,624.3998095987104,342.2772616010274,417.1810907730934,-789.089624629017,-18.08467066857464,10246.54107313193,0,77930.80536807622,7.60557195,-8108.628100950738,-418.0460810985126,-78181.05535917834,0,0,0,0,0,0,0,0,0,0,0,0,-8108.628100950738,-418.0460810985126,-78181.05535917834,-1411.191029912274,244.0299975640628,242.2911919958612,0,18184.05668985146,0,0,0,0,0,0,0,0,0,0,0,0,0,-1411.191029912274,244.0299975640628,242.2911919958612,0.001137626651,3.257959969e-007,0.0002863821769,436.4097356,2116.22,852.2228538,0,0,0,0,-67.38611699301222,41.07225217063232,9.004477268670086e-036, 59116.77302, 457.4112384, 763.8400603, 457.4112384, 243959.1288, -19.0638637, 763.8400603, -19.0638637, 303462.2315,1259.535026,447.1136721748745,-0.1169610230492981,-18.63468447776203,23134.209961126,23134.37675776,-0.5776643754239438,2.618030283112746,297.9178990921117,0.8566229719267677,0.007461698735562721,0.02217174219408288,-0.5154122824180762,0.00166341744313973,0.4399540149839477,0.7732849330756408,0.4565830811803212,-0.001644550522493158,-0.4399220609399394,-0.773303112188649,-0.4565831495262225,1.562943509357,2.3382452490952,37.429159560844,37.614859615423,-122.36029153905,-8891820.997790657,-14035320.38573715,12716449.45267547,-8892980.902020553,-14034585.4824194,12716449.45267547,0.0047351506832058,23134.37675776,-0.16679505258799,10246.5,-0,-0,77930.8,0,0,18184.1,0,11.3567,1,1.52590219e-005,5.34065766e-006,1.52590219e-005,-1.52590219e-005,-5.34065766e-006,-5.34065766e-006,-1.52590219e-005,-1.52590219e-005,0,0.00224271629,0.00224271629,0.000713591547,0.00203883299,0,0,1,0,-4.68632783,-0.0468632783,0.999627965,0.0272751273,-3663.83146,0,0,0,0,0,0,0,0,0,0,0,0,0,0,0,0,0,0,0,0,0,0,0,0,0,0,0,0,0,0,0,0,0,0,0,0,0,0,0,0,0,0,0,0,0,0,0,0,0,0,0,0,0,0,137.724,0,260.571,0,0,0,0,11.0231,11.0231,0.027278510260954462,417.16672568982545,0,0,0,0,0,0,0,0
1.233333333,-1.525902189e-005,1.525902189e-005,-0,0,-0.0003059971439,-0.0003059971439,0.0003059971439,0.04657399799,0,-1.323121996898505,3.046867611966342,0.07318771112521565,-1.411754773083666,-0.3381959913547283,0.09290797847523583,-1.321440903783034,3.049829041153857,0.07076693303564489,524.7120997,32921450.42,960.444314271,594.306876598,891.5482209729698,-1.281638128926829,24.31336028303082,-9.384119385305374,-2.444507502639007,14.70121288401796,-8.724664348146375,-28.79654895442778,15.15229245901459,-6.402127946619511,-0.3373011712995394,-64.80389222794898,959.2374326026408,38.9619887221148,28.26291110246937,484.0784961147813,-26.82241976114779,343.7284261873031,-539.3374880939678,621.6243683864898,343.7284261873031,416.6393971515194,-788.2981648083226,-21.1808523356,10472.71227425798,0,81349.88036989022,7.76779484,-8063.704387563686,-424.8426394500038,-81622.77206059922,0,0,0,0,0,0,0,0,0,0,0,0,-8063.704387563686,-424.8426394500038,-81622.77206059922,-1455.290897053177,-1444.970676737743,244.5075733272692,0,17908.90195637955,0,0,0,0,0,0,0,0,0,0,0,0,0,-1455.290897053177,-1444.970676737743,244.5075733272692,0.001137644823,3.258096689e-007,0.0002863896203,436.4322655,2116.22,852.2804639,0,0,0,0,-67.33611699301223,41.02225217063232,9.391443510305339e-036, 59116.77302, 457.4112384, 763.8400603, 457.4112384, 243959.1288, -19.0638637, 763.8400603, -19.0638637, 303462.2315,1259.535026,447.1136721748745,-0.1169610230492981,-18.63468447776203,23136.306165086,23136.433093848,-0.7005470333834837,2.923831561529706,297.9210540035476,0.8565977964555556,0.007918392203387381,0.02501020440170206,-0.5153173816670508,4.744495767062348e-005,0.438778539742428,0.7727700983532116,0.4585845242718578,-2.682330925232281e-005,-0.4387437893401818,-0.7727898285839094,-0.458584525941707,1.6876709712228,2.3249346331595,37.429273730022,37.614973963828,-122.36056351797,-8891772.547903124,-14035322.92742903,12716483.75186847,-8893034.793936677,-14034523.17945609,12716483.75186847,0.0051529580964298,23136.433093848,-0.12692739069462,10472.7,-0,-0,81349.9,0,0,17908.9,0,11.3567,1,1.52590219e-005,5.34065766e-006,1.52590219e-005,-1.52590219e-005,-5.34065766e-006,-5.34065766e-006,-1.52590219e-005,-1.52590219e-005,0,0.00255473306,0.00255473306,0.000812869611,0.0023224846,0,0,1,0,-4.68632783,-0.0468632783,0.999566221,0.029451156,-3825.12258,0,0,0,0,0,0,0,0,0,0,0,0,0,0,0,0,0,0,0,0,0,0,0,0,0,0,0,0,0,0,0,0,0,0,0,0,0,0,0,0,0,0,0,0,0,0,0,0,0,0,0,0,0,0,137.724,0,260.571,0,0,0,0,11.0231,11.0231,0.029455415138168354,416.68390091028294,0,0,0,0,0,0,0,0
1.333333333,-1.525902189e-005,1.525902189e-005,-0,0,-0.0003059971439,-0.0003059971439,0.0003059971439,0.0525588873,0,-1.465473802326507,3.001121971416319,0.08259253719332517,-1.444576584881747,-0.6834350484537256,0.09712834202684993,-1.463779536767599,3.004088946227161,0.08018778603318076,523.6345349,32886397.48,959.455324149,594.614496604,890.6003267302646,-1.538376258767272,25.63874931492964,-9.562429689000542,-2.764558316618303,11.59580266466142,-9.564664475160971,-30.6628393660709,16.23476962709483,-6.359915233941248,-0.3412189912891608,-67.12753287318553,958.2051615022122,38.66572806430422,30.03912418174074,483.1619228561228,-29.79908411443819,345.3012749176148,-540.2500244709074,618.6481994150274,345.3012749176151,416.0612865876901,-787.4771068228531,-24.52480525727503,10664.5370837596,0,84256.9606408285,7.900667416,-8010.53599741703,-429.7772709511872,-84549.47884033625,0,0,0,0,0,0,0,0,0,0,0,0,-8010.53599741703,-429.7772709511872,-84549.47884033625,-1491.479722285786,-2913.561028343458,245.9164625713553,0,17665.8351884561,0,0,0,0,0,0,0,0,0,0,0,0,0,-1491.479722285786,-2913.561028343458,245.9164625713553,0.00113765024,3.258226435e-007,0.0002863996613,436.4536465,2116.22,852.3262763,0,0,0,0,-67.28611699301223,40.97225217063232,9.727655123649186e-036, 59116.77302, 457.4112384, 763.8400603, 457.4112384, 243959.1288, -19.0638637, 763.8400603, -19.0638637, 303462.2315,1259.535026,447.1136721748745,-0.1169610230492981,-18.63468447776203,23138.724549597,23138.809664865,-0.8373874378087404,3.227574967948585,297.9244562508274,0.8565709733487338,0.0082613183103897,0.02789577373167457,-0.5152084471785074,-0.001504604056306231,0.4376138450053511,0.7721893381852459,0.4606685194576449,0.001526999039991242,-0.4375763051985473,-0.7722106114759907,-0.4606684457683167,1.795598280895,2.3096261664059,37.429387745899,37.615088155713,-122.36083521919,-8891724.185205227,-14035325.75698845,12716518.20248938,-8893088.772634672,-14034461.16431216,12716518.20248938,0.0055707655096539,23138.809664865,-0.085114218294621,10664.5,-0,-0,84257,0,0,17665.8,0,11.3567,1,1.52590219e-005,5.34065766e-006,1.52590219e-005,-1.52590219e-005,-5.34065766e-006,-5.34065766e-006,-1.52590219e-005,-1.52590219e-005,0,0.00288302342,0.00288302342,0.000917325635,0.00262093038,0,0,1,0,-4.68632783,-0.0468632783,0.999508971,0.0313339724,-3962.27847,0,0,0,0,0,0,0,0,0,0,0,0,0,0,0,0,0,0,0,0,0,0,0,0,0,0,0,0,0,0,0,0,0,0,0,0,0,0,0,0,0,0,0,0,0,0,0,0,0,0,0,0,0,0,137.724,0,260.571,0,0,0,0,11.0231,11.0231,0.031339102044768107,416.18878176881532,0,0,0,0,0,0,0,0
1.433333333,-1.525902189e-005,1.525902189e-005,-0,0,-0.0003059971439,-0.0003059971439,0.0003059971439,0.05879539058,0,-1.610847614610203,2.922737741417421,0.09239275662507189,-1.469699049709922,-0.9713906615291876,0.1005760002512661,-1.609140451534817,2.925710792491155,0.09000468941464862,522.5240779,32850156.64,958.44090642,594.945670354,889.6362426859971,-1.827555591465369,26.65745985976224,-9.702885424320872,-3.096214076967057,8.414451034511135,-10.23950440053886,-32.23340581985776,17.04313637024976,-6.316078931279387,-0.3435835021263703,-69.01770313808453,957.1554492144738,38.33369084989072,31.51103432158126,482.1695996965602,-32.94774165735988,346.9686932873063,-541.238394509238,615.5000654862959,346.9686932873062,415.445312525553,-786.6280303840867,-28.07380524030557,10819.99988821218,0,86621.38436822557,8.005673315,-7955.322638818712,-432.7554551692198,-86930.2144934493,0,0,0,0,0,0,0,0,0,0,0,0,-7955.322638818712,-432.7554551692198,-86930.2144934493,-1519.308954574094,-4137.927548881184,246.5413739348312,0,17456.95123162317,0,0,0,0,0,0,0,0,0,0,0,0,0,-1519.308954574094,-4137.927548881184,246.5413739348312,0.001137642009,3.258348716e-007,0.000286412482,436.473798,2116.22,852.3594621,0,0,0,0,-67.23611699301223,40.92225217063233,8.132432499797588e-036, 59116.77302, 457.4112384, 763.8400603, 457.4112384, 243959.1288, -19.0638637, 763.8400603, -19.0638637, 303462.2315,1259.535026,447.1136721748745,-0.1169610230492981,-18.63468447776203,23141.48774531,23141.532310389,-0.988533873620226,3.525637607592292,297.9281432017166,0.8565436028493489,0.008471564475293569,0.03080287396928333,-0.5150849172402839,-0.002967270729021171,0.4364749979076205,0.7715408089520112,0.4628234562202304,0.002991457951674937,-0.4364346764674116,-0.7715636181505494,-0.4628233005181807,1.8855844518753,2.2922067298882,37.429501598294,37.615202181022,-122.36110663277,-8891675.918087697,-14035328.89305819,12716552.81534953,-8893142.846513517,-14034399.45562759,12716552.81534953,0.0059885729228779,23141.532310389,-0.044564038515091,10820,-0,-0,86621.4,0,0,17457,0,11.3567,1,1.52590219e-005,5.34065766e-006,1.52590219e-005,-1.52590219e-005,-5.34065766e-006,-5.34065766e-006,-1.52590219e-005,-1.52590219e-005,0,0.00322511562,0.00322511562,0.00102617315,0.00293192329,0,0,1,0,-4.68632783,-0.0468632783,0.999458526,0.0329037169,-4073.84818,0,0,0,0,0,0,0,0,0,0,0,0,0,0,0,0,0,0,0,0,0,0,0,0,0,0,0,0,0,0,0,0,0,0,0,0,0,0,0,0,0,0,0,0,0,0,0,0,0,0,0,0,0,0,137.724,0,260.571,0,0,0,0,11.0231,11.0231,0.032909657009636502,415.6832929160517,0,0,0,0,0,0,0,0
1.533333333,-1.525902189e-005,1.525902189e-005,-0,0,-0.0003059971439,-0.0003059971439,0.0003059971439,0.06523312956,0,-1.758476439665731,2.817549487238436,0.1025092035931264,-1.486975259500908,-1.198848543217564,0.1031866696090049,-1.756756779279863,2.820529145251842,0.1001383999878234,521.3830058,32812790.22,957.403337998,595.29969191,888.659565474102,-2.150191599450977,27.36540356235435,-9.810063073008402,-3.435673361963004,5.258864052535849,-10.74859402846949,-33.49648643129288,17.57610230681643,-6.274785188952033,-0.3443701433327042,-70.46488740087612,956.092276535166,37.96457171494323,32.67111343792007,481.1180633687253,-36.23825126416497,348.7031996321534,-542.2860630140715,612.2101080280053,348.7031996321535,414.7905044723043,-785.7530991921163,-31.78390243912992,10938.3589974719,0,88431.31049583206,8.084513455,-7903.311724016576,-433.7462573212297,-88752.99376102822,0,0,0,0,0,0,0,0,0,0,0,0,-7903.311724016576,-433.7462573212297,-88752.99376102822,-1538.613738252876,-5104.379460301094,246.4213717637288,0,17283.11163745331,0,0,0,0,0,0,0,0,0,0,0,0,0,-1538.613738252876,-5104.379460301094,246.4213717637288,0.001137619408,3.258463138e-007,0.0002864282304,436.4926546,2116.22,852.379351,0,0,0,0,-67.18611699301223,40.87225217063233,6.715069553735022e-036, 59116.77302, 457.4112384, 763.8400603, 457.4112384, 243959.1288, -19.0638637, 763.8400603, -19.0638637, 303462.2315,1259.535026,447.1136721748745,-0.1169610230492981,-18.63468447776203,23144.614068,23144.616146201,-1.154257471846382,3.814953017356106,297.9321644494299,0.8565168602217635,0.008533294822667707,0.03370974293662028,-0.5149463120233685,-0.004319145850012057,0.4353749524050634,0.7708231432006695,0.4650394367187103,0.004345144437981414,-0.4353318579203317,-0.7708474821617458,-0.4650391945248724,1.9571215672165,2.2725847122332,37.429615276687,37.615316028576,-122.36137774939,-8891627.753304828,-14035332.3513503,12716587.59854039,-8893197.022335969,-14034338.06911162,12716587.59854039,0.006406380336102,23144.616146201,-0.0020774304866791,10938.4,-0,-0,88431.3,0,0,17283.1,0,11.3567,1,1.52590219e-005,5.34065766e-006,1.52590219e-005,-1.52590219e-005,-5.34065766e-006,-5.34065766e-006,-1.52590219e-005,-1.52590219e-005,0,0.00357824623,0.00357824623,0.00113853289,0.00325295112,0,0,1,0,-4.68632783,-0.0468632783,0.999416665,0.0341515731,-4159.27001,0,0,0,0,0,0,0,0,0,0,0,0,0,0,0,0,0,0,0,0,0,0,0,0,0,0,0,0,0,0,0,0,0,0,0,0,0,0,0,0,0,0,0,0,0,0,0,0,0,0,0,0,0,0,137.724,0,260.571,0,0,0,0,11.0231,11.0231,0.034158215209719088,415.16923660518341,0,0,0,0,0,0,0,0
1.633333333,-1.525902189e-005,1.525902189e-005,-0,0,-0.0003059971439,-0.0003059971439,0.0003059971439,0.07181800853,0,-1.907567091824922,2.691669230078684,0.112856870549953,-1.496514381536892,-1.365086945700872,0.1049390800832315,-1.905835432126726,2.694656022306108,0.1105038447671922,520.2138637,32774370.81,956.34507139,595.674869128,887.6733920100443,-2.506916702997103,27.76848861124233,-9.889675427956338,-3.77921546967412,2.219734576123269,-11.09700819813963,-34.45067012258809,17.84152953584679,-6.239147552514686,-0.3436040540679259,-71.47448979863329,955.0191489029173,37.55746861554856,33.52249024100085,480.0237905859727,-39.63950661858748,350.4774168155918,-543.3765535900429,608.8094330614493,350.4774168155918,414.0964513463415,-784.8550435839328,-35.61058855110749,11020.13308587133,0,89693.54277754674,8.139061668,-7858.424872691778,-432.7813410594546,-90024.62334299996,0,0,0,0,0,0,0,0,0,0,0,0,-7858.424872691778,-432.7813410594546,-90024.62334299996,-1549.509586713835,-5809.847219566851,245.607044631395,0,17143.95430594219,0,0,0,0,0,0,0,0,0,0,0,0,0,-1549.509586713835,-5809.847219566851,245.607044631395,0.00113758189,3.2585694e-007,0.0002864470179,436.5101669,2116.22,852.385437,0,0,0,0,-67.13611699301224,40.82225217063233,5.426025977027072e-036, 59116.77302, 457.4112384, 763.8400603, 457.4112384, 243959.1288, -19.0638637, 763.8400603, -19.0638637, 303462.2315,1259.535026,447.1136721748745,-0.1169610230492981,-18.63468447776203,23148.117365533,23148.070216535,-1.334750502043497,4.09305028011005,297.9365795156217,0.8564919039942917,0.008433936402621075,0.0365987167519872,-0.514792211519461,-0.005543127973320063,0.4343243367167504,0.7700354042485724,0.4673083783451392,0.005570957239363075,-0.4342784785883894,-0.7700612678843557,-0.4673080474106235,2.0103355620372,2.250691747588,37.429728770378,37.615429687807,-122.36164856058,-8891579.695942236,-14035336.14448236,12716622.55738476,-8893251.305196196,-14034277.01737896,12716622.55738476,0.006824187749326,23148.070216535,0.047149512916803,11020.1,-0,-0,89693.5,0,0,17144,0,11.3567,1,1.52590219e-005,5.34065766e-006,1.52590219e-005,-1.52590219e-005,-5.34065766e-006,-5.34065766e-006,-1.52590219e-005,-1.52590219e-005,0,0.00393944795,0.00393944795,0.00125346071,0.00358131632,0,0,1,0,-4.68632783,-0.0468632783,0.999384515,0.0350797758,-4218.86295,0,0,0,0,0,0,0,0,0,0,0,0,0,0,0,0,0,0,0,0,0,0,0,0,0,0,0,0,0,0,0,0,0,0,0,0,0,0,0,0,0,0,0,0,0,0,0,0,0,0,0,0,0,0,137.724,0,260.571,0,0,0,0,11.0231,11.0231,0.035086974627480477,414.64821429588193,0,0,0,0,0,0,0,0
1.733333333,-1.525902189e-005,1.525902189e-005,-0,0,-0.0003059971439,-0.0003059971439,0.0003059971439,0.07849598813,0,-2.057365341067196,2.551164529382842,0.1233508384880531,-1.498633567923148,-1.471533259735982,0.1058539329190376,-2.055622250383075,2.554158976374184,0.1210160525155351,519.0193149,32734976.57,955.268601573,596.06859832,886.68022758915,-2.898012248912039,27.88059411136294,-9.947819137516726,-4.123413479466928,-0.6254236540751208,-11.29413886753382,-35.10322563294522,17.85446877370913,-6.211135290378693,-0.3413510216956345,-72.06396490509916,953.9389779178316,37.11185463857393,34.07693949678944,478.902339085737,-43.12104050347679,352.2653820455919,-544.4943077679891,605.3285070282715,352.2653820455919,413.3632385302867,-783.9370275825462,-39.51103412136853,11066.85706863155,0,90429.94707072894,8.171240173,-7823.142447383352,-429.9435678725938,-90767.08788635202,0,0,0,0,0,0,0,0,0,0,0,0,-7823.142447383352,-429.9435678725938,-90767.08788635202,-1552.339453651614,-6260.419225139427,244.1549276889201,0,17038.12471257264,0,0,0,0,0,0,0,0,0,0,0,0,0,-1552.339453651614,-6260.419225139427,244.1549276889201,0.001137529083,3.258667298e-007,0.0002864689216,436.526301,2116.22,852.3773733,0,0,0,0,-67.08611699301224,40.77225217063234,4.283308817689481e-036, 59116.77302, 457.4112384, 763.8400603, 457.4112384, 243959.1288, -19.0638637, 763.8400603, -19.0638637, 303462.2315,1259.535026,447.1136721748745,-0.1169610230492981,-18.63468447776203,23152.007143183,23151.908838088,-1.530126086946413,4.358070682515653,297.9414544953397,0.8564697875960577,0.008164254532921559,0.03945635151011329,-0.5146222344677656,-0.006626524495595227,0.4333313297546697,0.7691770347193327,0.4696240380203438,0.006656203937272967,-0.4332827181852644,-0.769204418999634,-0.4696236182972163,2.0458697966669,2.2264815186575,37.429842068614,37.615543147706,-122.36191905891,-8891531.749494372,-14035340.28201093,12716657.69455167,-8893305.698597187,-14034216.3099834,12716657.69455167,0.00724199516255,23151.908838088,0.098305232822895,11066.9,-0,-0,90429.9,0,0,17038.1,0,11.3567,1,1.52590219e-005,5.34065766e-006,1.52590219e-005,-1.52590219e-005,-5.34065766e-006,-5.34065766e-006,-1.52590219e-005,-1.52590219e-005,0,0.00430575653,0.00430575653,0.00137001344,0.00391432412,0,0,1,0,-4.68632783,-0.0468632783,0.999362567,0.0356995767,-4253.65727,0,0,0,0,0,0,0,0,0,0,0,0,0,0,0,0,0,0,0,0,0,0,0,0,0,0,0,0,0,0,0,0,0,0,0,0,0,0,0,0,0,0,0,0,0,0,0,0,0,0,0,0,0,0,137.724,0,260.571,0,0,0,0,11.0231,11.0231,0.035707164018943659,414.12156931589351,0,0,0,0,0,0,0,0
1.833333333,-1.525902189e-005,1.525902189e-005,-0,0,-0.0003059971439,-0.0003059971439,0.0003059971439,0.08521465669,0,-2.20713417158803,2.401935940046086,0.1339087462345548,-1.49384436295299,-1.521672347299984,0.1059915717030739,-2.20538026222113,2.404938552541381,0.1315926237010315,517.8020917,32694689.63,954.176424621,596.477432865,885.681979456818,-3.32342829080136,27.72315808906549,-9.990454916169963,-4.465290613626261,-3.213516599748196,-11.35330851166625,-35.46995761537328,17.63645749461019,-6.191579361123666,-0.337713944760922,-72.26215601066653,952.8540509293961,36.62756022548081,34.3544576603527,477.7683127640319,-46.65320065620674,354.042717908234,-545.6247199188739,601.7969809779575,354.042717908234,412.5914820439685,-783.0025842552293,-43.44432527934066,11081.02497335464,0,90676.63029046227,8.183054411,-7798.511069527196,-425.3625420822807,-91016.71652558964,0,0,0,0,0,0,0,0,0,0,0,0,-7798.511069527196,-425.3625420822807,-91016.71652558964,-1547.6586914089,-6470.951205223064,242.1258361215895,0,16963.32935977698,0,0,0,0,0,0,0,0,0,0,0,0,0,-1547.6586914089,-6470.951205223064,242.1258361215895,0.001137460783,3.258756719e-007,0.0002864939844,436.5410381,2116.22,852.3549689,0,0,0,0,-67.03611699301224,40.72225217063234,3.246271287490632e-036, 59116.77302, 457.4112384, 763.8400603, 457.4112384, 243959.1288, -19.0638637, 763.8400603, -19.0638637, 303462.2315,1259.535026,447.1136721748745,-0.1169610230492981,-18.63468447776203,23156.288674266,23156.137291181,-1.740421662831607,4.608759272962804,297.9468580297133,0.8564513830862376,0.007718288278609358,0.04227337332490432,-0.514436019679272,-0.007560970333850314,0.4324016424657814,0.7682477945637118,0.4719819673128392,0.007592519662451037,-0.4323502884465212,-0.7682766964703033,-0.4719814608499603,2.0648631283056,2.1999289597248,37.429955160747,37.61565639785,-122.36218923808,-8891483.915929752,-14035344.77045358,12716693.01016808,-8893360.204515865,-14034155.9534398,12716693.01016808,0.0076598025757741,23156.137291181,0.15138306841254,11081,-0,-0,90676.6,0,0,16963.3,0,11.3567,1,1.52590219e-005,5.34065766e-006,1.52590219e-005,-1.52590219e-005,-5.34065766e-006,-5.34065766e-006,-1.52590219e-005,-1.52590219e-005,0,0.00467429704,0.00467429704,0.00148727633,0.00424936094,0,0,1,0,-4.68632783,-0.0468632783,0.999350678,0.0360308596,-4265.3555,0,0,0,0,0,0,0,0,0,0,0,0,0,0,0,0,0,0,0,0,0,0,0,0,0,0,0,0,0,0,0,0,0,0,0,0,0,0,0,0,0,0,0,0,0,0,0,0,0,0,0,0,0,0,137.724,0,260.571,0,0,0,0,11.0231,11.0231,0.036038660191963189,413.59037183465591,0,0,0,0,0,0,0,0
1.933333333,-1.525902189e-005,1.525902189e-005,-0,0,-0.0003059971439,-0.0003059971439,0.0003059971439,0.09192669103,0,-2.356214300669427,2.249432333753635,0.1444562287638145,-1.482793440715343,-1.520500940475159,0.1054451216100447,-2.354450204414269,2.252443609827075,0.1421591688458846,516.5648597,32653591.72,953.070919531,596.897296553,884.6799819834498,-3.782849817105273,27.32276424058588,-10.02291312006463,-4.802459859016739,-5.496800180620298,-11.29028632890027,-35.57301257829536,17.21324638043058,-6.180347607066604,-0.3328212316049909,-72.10583599392469,951.7660359723969,36.10470750776509,34.38081618714192,476.6346452688316,-50.20862213248087,355.7877061183432,-546.7548539130303,598.2422183516563,355.7877061183433,411.782192204033,-782.0554329920684,-47.37340848990797,11065.79600303593,0,90479.61653022272,8.176512246,-7784.364281892657,-419.1999984918477,-90819.82598929056,0,0,0,0,0,0,0,0,0,0,0,0,-7784.364281892657,-419.1999984918477,-90819.82598929056,-1536.169894039915,-6462.740988177138,239.5813093687046,0,16916.61685611826,0,0,0,0,0,0,0,0,0,0,0,0,0,-1536.169894039915,-6462.740988177138,239.5813093687046,0.001137376938,3.258837631e-007,0.0002865222181,436.5543733,2116.22,852.3181748,0,0,0,0,-66.98611699301225,40.67225217063234,2.329840188708912e-036, 59116.77302, 457.4112384, 763.8400603, 457.4112384, 243959.1288, -19.0638637, 763.8400603, -19.0638637, 303462.2315,1259.535026,447.1136721748745,-0.1169610230492981,-18.63468447776203,23160.963365138,23160.769799213,-1.965603177604079,4.844438065285136,297.9528567175677,0.8564373201178306,0.007093199107838288,0.04504449397178511,-0.5142332124616524,-0.008342221584271366,0.4315385796150059,0.7672477046750229,0.4743794065026548,0.008375660778981019,-0.4314844949107863,-0.7672781221153199,-0.4743788172771709,2.0688062398466,2.1710267499368,37.430068036345,37.615769427476,-122.36245909306,-8891436.195853481,-14035349.61349921,12716728.50207351,-8893414.823565533,-14034095.95143451,12716728.50207351,0.0080776099889981,23160.769799213,0.19356566667557,11065.8,-0,-0,90479.6,0,0,16916.6,0,11.3567,1,1.52590219e-005,5.34065766e-006,1.52590219e-005,-1.52590219e-005,-5.34065766e-006,-5.34065766e-006,-1.52590219e-005,-1.52590219e-005,0,0.00504247363,0.00504247363,0.00160442343,0.00458406694,0,0,1,0,-4.68632783,-0.0468632783,0.999348196,0.0360996351,-4256.12821,0,0,0,0,0,0,0,0,0,0,0,0,0,0,0,0,0,0,0,0,0,0,0,0,0,0,0,0,0,0,0,0,0,0,0,0,0,0,0,0,0,0,0,0,0,0,0,0,0,0,0,0,0,0,137.724,0,260.571,0,0,0,0,11.0231,11.0231,0.036107480471127308,413.05541919536,0,0,0,0,0,0,0,0
2.033333333,-1.525902189e-005,1.525902189e-005,-0,0,-0.0003059971439,-0.0003059971439,0.0003059971439,0.09859074433,0,-2.503993267237803,2.098609125988585,0.1549283125156398,-1.466245455986636,-1.474334217381445,0.1043346924374486,-2.502219613518769,2.101629548508153,0.1526507032992159,515.3101929,32611763.25,951.954331495,597.323629614,883.6750757965367,-4.275742730479067,26.71066255624245,-10.04968681417685,-5.133202230654678,-7.442686484322934,-11.12297086267302,-35.44050754668784,16.61407690881248,-6.176532708811747,-0.3268221744670595,-71.63891280873283,950.6760459716752,35.54366317302744,34.1870278896557,475.512788873365,-53.76207956220715,357.4811112691478,-547.8732543204523,594.6894427684064,357.4811112691476,410.9367709175828,-781.0993990695108,-51.26480405877278,11024.92627137439,0,89893.85555873236,8.153692219,-7779.559283921312,-411.6439759056502,-90231.71988324578,0,0,0,0,0,0,0,0,0,0,0,0,-7779.559283921312,-411.6439759056502,-90231.71988324578,-1518.704095686449,-6262.704107808706,236.5836431243236,0,16894.44387972746,0,0,0,0,0,0,0,0,0,0,0,0,0,-1518.704095686449,-6262.704107808706,236.5836431243236,0.001137277638,3.258910082e-007,0.0002865536059,436.5663141,2116.22,852.2670736,0,0,0,0,-66.93611699301225,40.62225217063234,1.500602935187906e-036, 59116.77302, 457.4112384, 763.8400603, 457.4112384, 243959.1288, -19.0638637, 763.8400603, -19.0638637, 303462.2315,1259.535026,447.1136721748745,-0.1169610230492981,-18.63468447776203,23166.029051392,23165.776971674,-2.205572359616737,5.06495939943376,297.9595104999126,0.8564279451621141,0.006289008493922691,0.04776809193073504,-0.5140134555737417,-0.008969806336876591,0.4307431914531888,0.7661769884630083,0.476815129731383,0.009005155718251574,-0.4306863885872903,-0.7662089201511301,-0.476814463430973,2.0595119959764,2.1397826526085,37.430180685317,37.615882226466,-122.36272862012,-8891388.588633681,-14035354.81217384,12716764.16603569,-8893469.555122225,-14034036.30499119,12716764.16603569,0.0084954174022222,23165.776971674,0.25207897648215,11024.9,-0,-0,89893.9,0,0,16894.4,0,11.3567,1,1.52590219e-005,5.34065766e-006,1.52590219e-005,-1.52590219e-005,-5.34065766e-006,-5.34065766e-006,-1.52590219e-005,-1.52590219e-005,0,0.00540801832,0.00540801832,0.0017207331,0.00491638029,0,0,1,0,-4.68632783,-0.0468632783,0.999354039,0.0359375252,-4228.56714,0,0,0,0,0,0,0,0,0,0,0,0,0,0,0,0,0,0,0,0,0,0,0,0,0,0,0,0,0,0,0,0,0,0,0,0,0,0,0,0,0,0,0,0,0,0,0,0,0,0,0,0,0,0,137.724,0,260.571,0,0,0,0,11.0231,11.0231,0.035945265314108396,412.51726501711346,0,0,0,0,0,0,0,0
2.133333333,-1.525902189e-005,1.525902189e-005,-0,0,-0.0003059971439,-0.0003059971439,0.0003059971439,0.105174025,0,-2.649959198374824,1.95370821283109,0.165273467928191,-1.444958421950604,-1.390129889768679,0.1027949002807863,-2.648176595364368,1.956738247193155,0.1630156987357552,514.018106,32567863.11,950.828679667,597.751666434,882.6676934405388,-4.80143772191235,25.9202677295184,-10.07398722783671,-5.456492307585642,-9.030408979247046,-10.86890477640877,-35.1016013620691,15.86790039882434,-6.178470233304817,-0.3198609368700385,-70.90574741270574,949.5847145400637,34.94495233371303,33.80677882835855,474.4121507544846,-57.29173389365347,359.1069801173179,-548.9705104290406,591.1604914380757,359.1069801173179,410.05682286821,-780.1382227236863,-55.09016783207105,10961.98678994023,0,88974.85144866553,8.116672019,-7781.99966388342,-402.8760533302179,-89308.27238734324,0,0,0,0,0,0,0,0,0,0,0,0,-7781.99966388342,-402.8760533302179,-89308.27238734324,-1496.08786037679,-5900.49271829136,233.1833157439369,0,16892.2341666808,0,0,0,0,0,0,0,0,0,0,0,0,0,-1496.08786037679,-5900.49271829136,233.1833157439369,0.001137113635,3.258974185e-007,0.0002866005723,436.5768792,2116.22,852.1647929,0,0,0,0,-66.88611699301225,40.57225217063235,7.709008371444398e-037, 59116.77302, 457.4112384, 763.8400603, 457.4112384, 243959.1288, -19.0638637, 763.8400603, -19.0638637, 303462.2315,1259.535026,447.1136721748745,-0.1169610230492981,-18.63468447776203,23171.480517741,23171.172819707,-2.460173812620684,5.270648465971269,297.966868117106,0.8564232992996849,0.005308289133115898,0.05044581193360058,-0.5137763857374933,-0.009446605638980312,0.4300144790853078,0.7650360252156799,0.4792892545645964,0.009483885955566656,-0.4299549713240133,-0.7650694705283841,-0.4792885183335469,2.0389629026106,2.106214647171,37.430293097979,37.61599478562,-122.36299781683,-8891341.092612371,-14035360.36517885,12716799.99608515,-8893524.397535538,-14033977.01280898,12716799.99608515,0.0089132248154462,23171.172819707,0.30769720301032,10962,-0,-0,88974.9,0,0,16892.2,0,11.3567,1,1.52590219e-005,5.34065766e-006,1.52590219e-005,-1.52590219e-005,-5.34065766e-006,-5.34065766e-006,-1.52590219e-005,-1.52590219e-005,0,0.00576913236,0.00576913236,0.00183563302,0.00524466578,0,0,1,0,-4.68632783,-0.0468632783,0.999366863,0.0355791053,-4185.29077,0,0,0,0,0,0,0,0,0,0,0,0,0,0,0,0,0,0,0,0,0,0,0,0,0,0,0,0,0,0,0,0,0,0,0,0,0,0,0,0,0,0,0,0,0,0,0,0,0,0,0,0,0,0,137.724,0,260.571,0,0,0,0,11.0231,11.0231,0.03558661597657585,411.96807033379656,0,0,0,0,0,0,0,0
2.233333333,-1.525902189e-005,1.525902189e-005,-0,0,-0.0003059971439,-0.0003059971439,0.0003059971439,0.1116519073,0,-2.793650576128604,1.818315031021138,0.1754529972437771,-1.419792234530934,-1.275542792774706,0.1009722548974505,-2.791859595219149,1.821355123206983,0.1732154695147793,512.6843139,32521544.39,949.695839716,598.176518234,881.6580156060038,-5.359183314803374,24.98741557907903,-10.09828100900842,-5.772036597243698,-10.25566487843646,-10.54734193167583,-34.59096288583079,15.00606565412415,-6.184395724658257,-0.3120992803280385,-69.95674732842298,948.4923479454346,34.30920202591901,33.27660618410316,473.3406725375214,-60.77817808471063,360.6518650394957,-550.0386766842769,587.6747694604413,360.6518650394958,409.1442173021192,-779.175580339958,-58.82493277145191,10881.20355067905,0,87785.68093671878,8.067644404,-7789.46302778736,-393.0999750583777,-88112.97354182894,0,0,0,0,0,0,0,0,0,0,0,0,-7789.46302778736,-393.0999750583777,-88112.97354182894,-1469.256402296162,-5408.728411638,229.4382338147123,0,16905.61185325573,0,0,0,0,0,0,0,0,0,0,0,0,0,-1469.256402296162,-5408.728411638,229.4382338147123,0.001136870388,3.259030112e-007,0.0002866668133,436.5860969,2116.22,852.0004894,0,0,0,0,-66.83611699301225,40.52225217063235,1.13170135446194e-037, 59116.77302, 457.4112384, 763.8400603, 457.4112384, 243959.1288, -19.0638637, 763.8400603, -19.0638637, 303462.2315,1259.535026,447.1136721748745,-0.1169610230492981,-18.63468447776203,23177.309856,23176.939829297,-2.729203994399701,5.462233777848,297.9749631817173,0.8564231159397721,0.004155788545410379,0.05308208352719484,-0.5135216337351228,-0.009778349204876002,0.4293496597952323,0.7638253059402068,0.4818030256504161,0.009817581726700417,-0.4292874611331996,-0.7638602647570718,-0.4818022278156334,2.0093229141942,2.0703474103676,37.430405265133,37.616107095196,-122.36326668207,-8891293.705244968,-14035366.2691169,12716835.98475706,-8893579.34826809,-14033918.07148854,12716835.98475706,0.0093310322286702,23176.939829297,0.37002541869879,10881.2,-0,-0,87785.7,0,0,16905.6,0,11.3567,1,1.52590219e-005,5.34065766e-006,1.52590219e-005,-1.52590219e-005,-5.34065766e-006,-5.34065766e-006,-1.52590219e-005,-1.52590219e-005,0,0.00612446497,0.00612446497,0.0019486934,0.00556769543,0,0,1,0,-4.68632783,-0.0468632783,0.999385135,0.0350621127,-4129.27447,0,0,0,0,0,0,0,0,0,0,0,0,0,0,0,0,0,0,0,0,0,0,0,0,0,0,0,0,0,0,0,0,0,0,0,0,0,0,0,0,0,0,0,0,0,0,0,0,0,0,0,0,0,0,137.724,0,260.571,0,0,0,0,11.0231,11.0231,0.03506930058845667,411.40560618500365,0,0,0,0,0,0,0,0
2.333333333,-1.525902189e-005,1.525902189e-005,-0,0,-0.0003059971439,-0.0003059971439,0.0003059971439,0.1180099001,0,-2.93472691640281,1.695179795230107,0.1854441287660225,-1.391671039926032,-1.138093659543962,0.09901500853122516,-2.932928080031287,1.698230370115547,0.1832272652088088,511.3398499,32474714.63,948.557301162,598.593589704,880.6459351098555,-5.948234099563877,23.94654460133828,-10.12456636753331,-6.080180158159055,-11.13050665144941,-10.17806322752941,-33.94695684395112,14.06045531256358,-6.192987597909881,-0.3037116093319355,-68.84555996375534,947.3988891900701,33.63704906570648,32.63199778800025,472.303886206543,-64.20660247571021,362.1061127733896,-551.072217267085,584.2470846835632,362.1061127733896,408.200692493359,-778.2147232624918,-62.45094601512642,10787.41345807506,0,86393.49055139748,8.008730813,-7800.284793083865,-382.5354096550216,-86713.39413595232,0,0,0,0,0,0,0,0,0,0,0,0,-7800.284793083865,-382.5354096550216,-86713.39413595232,-1439.209438324183,-4819.460143755659,225.4179596363709,0,16931.50113575448,0,0,0,0,0,0,0,0,0,0,0,0,0,-1439.209438324183,-4819.460143755659,225.4179596363709,0.00113661267,3.259078079e-007,0.0002867360329,436.5940026,2116.22,851.8227735,0,0,0,0,-66.78611699301226,40.47225217063235,-4.623683394680176e-037, 59116.77302, 457.4112384, 763.8400603, 457.4112384, 243959.1288, -19.0638637, 763.8400603, -19.0638637, 303462.2315,1259.535026,447.1136721748745,-0.1169610230492981,-18.63468447776203,23183.507074185,23183.076021382,-3.012418953202285,5.640774670871411,297.9838108675271,0.8564268334999158,0.00283804903087835,0.05568361266015581,-0.5132488281721834,-0.009973098376663377,0.4287444537780836,0.7625454028904543,0.4843585853414152,0.01001430498975388,-0.4286795789242763,-0.7625818754259359,-0.484357735130492,1.9727032819537,2.0322073273683,37.430517178066,37.616219147137,-122.36353521588,-8891246.423334578,-14035372.51891743,12716872.12346001,-8893634.404129803,-14033859.47595747,12716872.12346001,0.0097488396418943,23183.076021382,0.43105141073465,10787.4,-0,-0,86393.5,0,0,16931.5,0,11.3567,1,1.52590219e-005,5.34065766e-006,1.52590219e-005,-1.52590219e-005,-5.34065766e-006,-5.34065766e-006,-1.52590219e-005,-1.52590219e-005,0,0.00647322125,0.00647322125,0.00205966131,0.00588474659,0,0,1,0,-4.68632783,-0.0468632783,0.99940734,0.0344233654,-4063.68486,0,0,0,0,0,0,0,0,0,0,0,0,0,0,0,0,0,0,0,0,0,0,0,0,0,0,0,0,0,0,0,0,0,0,0,0,0,0,0,0,0,0,0,0,0,0,0,0,0,0,0,0,0,0,137.724,0,260.571,0,0,0,0,11.0231,11.0231,0.034430167434989639,410.84057334104199,0,0,0,0,0,0,0,0
2.433333333,-1.525902189e-005,1.525902189e-005,-0,0,-0.0003059971439,-0.0003059971439,0.0003059971439,0.1242420898,0,-3.072906000815767,1.586376108542383,0.1952375696459439,-1.361419461401969,-0.9851263260322111,0.09706346038868119,-3.071099773741714,1.589437568559641,0.1930418215332988,509.9863587,32427429.31,947.414327979,598.998555492,879.6312282259089,-6.567892103752058,22.83177952603393,-10.15383727106734,-6.381833534329251,-11.67322932299109,-9.779020063011188,-33.20539018377096,13.05973036007852,-6.202694494173707,-0.2948464046874374,-67.62147928092884,946.3040939908686,32.92909386034808,31.90838970222585,471.3058293217634,-67.56511373527904,363.4625704724338,-552.0670907669625,580.8893286942932,363.4625704724337,407.2279889823543,-777.2586043484822,-65.95416581892448,10684.79646884241,0,84859.96406048091,7.942122651,-7812.510968918663,-371.3693738955775,-85171.62164169095,0,0,0,0,0,0,0,0,0,0,0,0,-7812.510968918663,-371.3693738955775,-85171.62164169095,-1406.842536161966,-4163.980719614872,221.1764833025125,0,16965.8903956621,0,0,0,0,0,0,0,0,0,0,0,0,0,-1406.842536161966,-4163.980719614872,221.1764833025125,0.001136340952,3.259118338e-007,0.000286808139,436.6006381,2116.22,851.6320806,0,0,0,0,-66.73611699301226,40.42225217063236,-1.336503868068039e-036, 59116.77302, 457.4112384, 763.8400603, 457.4112384, 243959.1288, -19.0638637, 763.8400603, -19.0638637, 303462.2315,1259.535026,447.1136721748745,-0.1169610230492981,-18.63468447776203,23190.060510068,23189.571340451,-3.309544965096573,5.807582927987856,297.9934058130037,0.8564336233753003,0.001362979417935133,0.05825884330791901,-0.5129575988478812,-0.01004068168307182,0.4281934049648755,0.7611969330819012,0.4869587474546823,0.01008388498026966,-0.4281258693302502,-0.7612349197185607,-0.4869578547215339,1.9312223949416,1.9918193325354,37.430628828562,37.616330932693,-122.3638034194,-8891199.243181637,-14035379.1081274,12716908.40273091,-8893689.561427537,-14033801.21976109,12716908.40273091,0.010166647055118,23189.571340451,0.48916776478291,10684.8,-0,-0,84860,0,0,16965.9,0,11.3567,1,1.52590219e-005,5.34065766e-006,1.52590219e-005,-1.52590219e-005,-5.34065766e-006,-5.34065766e-006,-1.52590219e-005,-1.52590219e-005,0,0.00681507683,0.00681507683,0.00216843354,0.00619552439,0,0,1,0,-4.68632783,-0.0468632783,0.999432,0.0336998074,-3991.4316,0,0,0,0,0,0,0,0,0,0,0,0,0,0,0,0,0,0,0,0,0,0,0,0,0,0,0,0,0,0,0,0,0,0,0,0,0,0,0,0,0,0,0,0,0,0,0,0,0,0,0,0,0,0,137.724,0,260.571,0,0,0,0,11.0231,11.0231,0.03370618937998153,410.27293543660477,0,0,0,0,0,0,0,0
2.533333333,-1.525902189e-005,1.525902189e-005,-0,0,-0.0003059971439,-0.0003059971439,0.0003059971439,0.1303518579,0,-3.208014992303878,1.493193267641965,0.20483863379936,-1.329783571206015,-0.8233051215132684,0.09524268135480606,-3.20620177597802,1.496265991675888,0.2026644863753142,508.6251235,32379733.04,946.267839844,599.387631911,878.6135586396301,-7.217576079359503,21.67425450413248,-10.18655624248165,-6.678349230160976,-11.91022854993018,-9.366336000937094,-32.39983652586368,12.02934503791207,-6.212249132586171,-0.2856341866627545,-66.32970356530039,945.2075416219724,32.1858266313682,31.13840952709007,470.348472346435,-70.84601971205701,364.71727315779,-553.0213232322451,577.6091921437615,364.7172731577899,406.2275494570924,-776.3096742421659,-69.32618465106528,10577.17883359472,0,83241.65960107515,7.869930244,-7824.545370656737,-359.766262629416,-83544.58488255191,0,0,0,0,0,0,0,0,0,0,0,0,-7824.545370656737,-359.766262629416,-83544.58488255191,-1372.96585407595,-3470.684990222508,216.7624478752765,0,17005.09574154118,0,0,0,0,0,0,0,0,0,0,0,0,0,-1372.96585407595,-3470.684990222508,216.7624478752765,0.001136055748,3.259151165e-007,0.0002868830311,436.6060486,2116.22,851.4288848,0,0,0,0,-66.68611699301226,40.37225217063236,-2.774659733380923e-036, 59116.77302, 457.4112384, 763.8400603, 457.4112384, 243959.1288, -19.0638637, 763.8400603, -19.0638637, 303462.2315,1259.535026,447.1136721748745,-0.1169610230492981,-18.63468447776203,23196.957453488,23196.406674548,-3.62028630381655,5.96415062040571,298.0037207891479,0.8564424245520829,-0.0002605239327050693,0.06081745349957682,-0.51264758158452,-0.009992184813811774,0.4276901825695157,0.7597805375876278,0.4896067796501151,0.01003740817772121,-0.4276200022558082,-0.7598200387157691,-0.4896058546155097,1.8868390032394,1.9492026608292,37.430740208821,37.616442444605,-122.36407129469,-8891152.160815537,-14035386.02937061,12716944.81259012,-8893744.816196745,-14033743.2955217,12716944.81259012,0.010584454468342,23196.406674548,0.55077674612403,10577.2,-0,-0,83241.7,0,0,17005.1,0,11.3567,1,1.52590219e-005,5.34065766e-006,1.52590219e-005,-1.52590219e-005,-5.34065766e-006,-5.34065766e-006,-1.52590219e-005,-1.52590219e-005,0,0.00715021719,0.00715021719,0.00227506911,0.00650019745,0,0,1,0,-4.68632783,-0.0468632783,0.999457805,0.0329256011,-3915.18257,0,0,0,0,0,0,0,0,0,0,0,0,0,0,0,0,0,0,0,0,0,0,0,0,0,0,0,0,0,0,0,0,0,0,0,0,0,0,0,0,0,0,0,0,0,0,0,0,0,0,0,0,0,0,137.724,0,260.571,0,0,0,0,11.0231,11.0231,0.032931553061575553,409.70257838973635,0,0,0,0,0,0,0,0
2.633333333,-1.525902189e-005,1.525902189e-005,-0,0,-0.0003059971439,-0.0003059971439,0.0003059971439,0.1363495615,0,-3.33992449342428,1.41634220915954,0.2142635966413631,-1.297451750349524,-0.6588025566369713,0.09366215093751089,-3.338104623299982,1.419426551719718,0.2121115726738717,507.2572102,32331663.89,945.118548843,599.757490691,877.5925846909523,-7.896845642939979,20.50322715365314,-10.22289960227908,-6.971452567870943,-11.87421576039205,-8.955069135849493,-31.56256080628695,10.99238191106142,-6.220681026442093,-0.2761902957035495,-65.01278253622741,944.1087515684192,31.40759864631554,30.35291298926576,469.4325888744643,-74.04419969763445,365.8682121112802,-553.9341377993646,574.4117944004445,365.8682121112802,405.200660528518,-775.3700184515835,-72.5620175643745,10468.1567769997,0,81591.82149569676,7.794287307,-7835.16563630097,-347.8713511877249,-81885.87672039811,0,0,0,0,0,0,0,0,0,0,0,0,-7835.16563630097,-347.8713511877249,-81885.87672039811,-1338.327345028776,-2765.869883548112,212.2206732792979,0,17045.64791533489,0,0,0,0,0,0,0,0,0,0,0,0,0,-1338.327345028776,-2765.869883548112,212.2206732792979,0.001135757599,3.25917685e-007,0.0002869606027,436.610282,2116.22,851.2136871,0,0,0,0,-66.63611699301227,40.32225217063236,-4.058761801281003e-036, 59116.77302, 457.4112384, 763.8400603, 457.4112384, 243959.1288, -19.0638637, 763.8400603, -19.0638637, 303462.2315,1259.535026,447.1136721748745,-0.1169610230492981,-18.63468447776203,23204.184455721,23203.573385741,-3.944334093610798,6.112078749073089,298.0147066531498,0.8564519855949655,-0.002022961211528949,0.06336986292679415,-0.5123184209756828,-0.009839443985853624,0.4272278859175042,0.7582968579364979,0.492306199514229,0.009886711660485955,-0.4271550777078423,-0.758337873807126,-0.4923052525320413,1.8414139229742,1.9043687415168,37.43085131144,37.61655367547,-122.36433884461,-8891105.172100902,-14035393.2745759,12716981.34272433,-8893800.164307771,-14033685.69516678,12716981.34272433,0.011002261881566,23203.573385741,0.61106745898724,10468.2,-0,-0,81591.8,0,0,17045.6,0,11.3567,1,1.52590219e-005,5.34065766e-006,1.52590219e-005,-1.52590219e-005,-5.34065766e-006,-5.34065766e-006,-1.52590219e-005,-1.52590219e-005,0,0.00747921046,0.00747921046,0.00237974878,0.00679928223,0,0,1,0,-4.68632783,-0.0468632783,0.999483595,0.0321332035,-3837.44933,0,0,0,0,0,0,0,0,0,0,0,0,0,0,0,0,0,0,0,0,0,0,0,0,0,0,0,0,0,0,0,0,0,0,0,0,0,0,0,0,0,0,0,0,0,0,0,0,0,0,0,0,0,0,137.724,0,260.571,0,0,0,0,11.0231,11.0231,0.032138735847964645,409.12936420320312,0,0,0,0,0,0,0,0
2.733333333,-1.525902189e-005,1.525902189e-005,-0,0,-0.0003059971439,-0.0003059971439,0.0003059971439,0.1422526982,0,-3.468599666338206,1.355874165717498,0.2235399543290898,-1.265001753059761,-0.4968176936244855,0.09240794841845364,-3.466773411643941,1.35897045628656,0.2214106159440261,505.8833368,32283249.02,943.966846106,600.105466161,876.5679191171936,-8.605448127032446,19.34366435816696,-10.26284569434539,-7.263068860844227,-11.60202902720353,-8.557937574764681,-30.72185466643112,9.967857128936931,-6.22737256777158,-0.2666067336727118,-63.70722349741014,943.0071531708782,30.59457148330043,29.57850251083757,468.5571893285321,-77.15831416991776,366.9159650367761,-554.806521361077,571.2984739784165,366.9159650367761,404.1481477550553,-774.4411884330792,-75.66153737688092,10360.8104838304,0,79956.13388864268,7.717169812,-7843.593866981151,-335.8005191392401,-80241.47938293267,0,0,0,0,0,0,0,0,0,0,0,0,-7843.593866981151,-335.8005191392401,-80241.47938293267,-1303.555134628242,-2071.681766228394,207.5888316630398,0,17084.56585740229,0,0,0,0,0,0,0,0,0,0,0,0,0,-1303.555134628242,-2071.681766228394,207.5888316630398,0.001135447053,3.259195689e-007,0.0002870407457,436.613387,2116.22,850.986995,0,0,0,0,-66.58611699301227,40.27225217063236,-5.167178919726616e-036, 59116.77302, 457.4112384, 763.8400603, 457.4112384, 243959.1288, -19.0638637, 763.8400603, -19.0638637, 303462.2315,1259.535026,447.1136721748745,-0.1169610230492981,-18.63468447776203,23211.72789076,23211.049838364,-4.281372420823748,6.253015782626205,298.0262930683567,0.8564609068189542,-0.003914548733587082,0.06592680269578052,-0.5119697726285984,-0.009594617081350348,0.4267993117528552,0.756746523954236,0.4950605915375737,0.009643954230083608,-0.4267238931035768,-0.7567890545482652,-0.4950596328900976,1.7965589169999,1.8573182630877,37.430962129285,37.616664618323,-122.36460607261,-8891058.272944126,-14035400.83540896,12717017.98278928,-8893855.601672433,-14033628.41036083,12717017.98278928,0.01142006929479,23211.049838364,0.67804959788918,10360.8,-0,-0,79956.1,0,0,17084.6,0,11.3567,1,1.52590219e-005,5.34065766e-006,1.52590219e-005,-1.52590219e-005,-5.34065766e-006,-5.34065766e-006,-1.52590219e-005,-1.52590219e-005,0,0.00780301643,0.00780301643,0.00248277795,0.0070936513,0,0,1,0,-4.68632783,-0.0468632783,0.999508445,0.0313507304,-3760.38677,0,0,0,0,0,0,0,0,0,0,0,0,0,0,0,0,0,0,0,0,0,0,0,0,0,0,0,0,0,0,0,0,0,0,0,0,0,0,0,0,0,0,0,0,0,0,0,0,0,0,0,0,0,0,137.724,0,260.571,0,0,0,0,11.0231,11.0231,0.031355868307711483,408.55311306633473,0,0,0,0,0,0,0,0
2.833333333,-1.525902189e-005,1.525902189e-005,-0,0,-0.0003059971439,-0.0003059971439,0.0003059971439,0.1480831685,0,-3.594031594667669,1.311418026039044,0.2327021219155732,-1.232932933818097,-0.3418853347057318,0.09154619168949241,-3.592199160402466,1.314526568640115,0.2305960708678708,504.5040344,32234509.69,942.812953424,600.429376987,875.5392086247235,-9.343319796984474,18.2177931955469,-10.30635325960987,-7.555268140027718,-11.13301666735715,-8.186291851847035,-29.90343013019139,8.97193398692222,-6.231992075704246,-0.2569572332273868,-62.44557003904039,941.9021761278719,29.74671212849184,28.83901640321309,467.7204585691312,-80.18897260580397,367.8623901099043,-555.6402867292509,568.2686206003423,367.8623901099043,403.0705842655218,-773.5243900640098,-78.62705341613807,10257.88123474884,0,78375.32259293458,7.64049815,-7849.412299023687,-323.6466353481717,-78652.38266186307,0,0,0,0,0,0,0,0,0,0,0,0,-7849.412299023687,-323.6466353481717,-78652.38266186307,-1269.192955348852,-1407.434602370046,202.8991190148627,0,17119.19197760947,0,0,0,0,0,0,0,0,0,0,0,0,0,-1269.192955348852,-1407.434602370046,202.8991190148627,0.001135124658,3.259207975e-007,0.0002871233527,436.615412,2116.22,850.7493141,0,0,0,0,-66.53611699301227,40.22225217063237,-6.148817764443023e-036, 59116.77302, 457.4112384, 763.8400603, 457.4112384, 243959.1288, -19.0638637, 763.8400603, -19.0638637, 303462.2315,1259.535026,447.1136721748745,-0.1169610230492981,-18.63468447776203,23219.574171757,23218.832065207,-4.631085353149618,6.388599970723726,298.0383904295704,0.8564676842624318,-0.005925529154614384,0.06849891768095184,-0.5116013019871268,-0.009269777938332403,0.4263972097893667,0.7551301363650737,0.4978734456205531,0.009321210686407375,-0.4263191988238483,-0.7551741812834202,-0.497872485349861,1.7537255172019,1.8080404521758,37.431072655439,37.616775266057,-122.36487298265,-8891011.459363518,-14035408.70344388,12717054.72252766,-8893911.124314208,-14033571.43267678,12717054.72252766,0.011837876708014,23218.832065207,0.74210322648287,10257.9,-0,-0,78375.3,0,0,17119.2,0,11.3567,1,1.52590219e-005,5.34065766e-006,1.52590219e-005,-1.52590219e-005,-5.34065766e-006,-5.34065766e-006,-1.52590219e-005,-1.52590219e-005,0,0.00812283641,0.00812283641,0.00258453886,0.00738439673,0,0,1,0,-4.68632783,-0.0468632783,0.999531603,0.0306035054,-3685.91582,0,0,0,0,0,0,0,0,0,0,0,0,0,0,0,0,0,0,0,0,0,0,0,0,0,0,0,0,0,0,0,0,0,0,0,0,0,0,0,0,0,0,0,0,0,0,0,0,0,0,0,0,0,0,137.724,0,260.571,0,0,0,0,11.0231,11.0231,0.030608284451413014,407.97364519618873,0,0,0,0,0,0,0,0
